"link";"keyword"
"http://www.scielo.br/scielo.php?script=sci_arttext&pid=S0103-49792016000200295&lng=en&nrm=iso&tlng=pt";"Desenvolvimento Econômico"
"http://www.scielo.br/scielo.php?script=sci_arttext&pid=S0103-49792016000600125&lng=en&nrm=iso&tlng=pt";"Banco Nacional de Desenvolvimento Econômico e Social"
"http://www.scielo.br/scielo.php?script=sci_arttext&pid=S0103-49792015000300493&lng=en&nrm=iso&tlng=pt";"Crise econômica"
"http://www.scielo.br/scielo.php?script=sci_arttext&pid=S0103-49792014000300012&lng=en&nrm=iso&tlng=pt";"Globalização econômica"
"http://www.scielo.br/scielo.php?script=sci_arttext&pid=S0103-49792013000200002&lng=en&nrm=iso&tlng=pt";"Crise econômica"
"http://www.scielo.br/scielo.php?script=sci_arttext&pid=S0103-49792013000200005&lng=en&nrm=iso&tlng=pt";"Economia e desenvolvimento"
"http://www.scielo.br/scielo.php?script=sci_arttext&pid=S0103-49792013000200009&lng=en&nrm=iso&tlng=pt";"Sociologia econômica"
"http://www.scielo.br/scielo.php?script=sci_arttext&pid=S0103-49792013000300011&lng=en&nrm=iso&tlng=pt";"Economia cafeeira"
"http://www.scielo.br/scielo.php?script=sci_arttext&pid=S0103-49792012000100006&lng=en&nrm=iso&tlng=pt";"sociologia econômica"
"http://www.scielo.br/scielo.php?script=sci_arttext&pid=S0103-49792012000300002&lng=en&nrm=iso&tlng=pt";"Sociologia econômica"
"http://www.scielo.br/scielo.php?script=sci_arttext&pid=S0103-49792012000300005&lng=en&nrm=iso&tlng=pt";"Sociologia econômica"
"http://www.scielo.br/scielo.php?script=sci_arttext&pid=S0103-49792012000300006&lng=en&nrm=iso&tlng=pt";"Sociologia econômica"
"http://www.scielo.br/scielo.php?script=sci_arttext&pid=S0103-49792012000300006&lng=en&nrm=iso&tlng=pt";"Estrutura socioeconômica"
"http://www.scielo.br/scielo.php?script=sci_arttext&pid=S0103-49792011000300008&lng=en&nrm=iso&tlng=pt";"desenvolvimento econômico"
"http://www.scielo.br/scielo.php?script=sci_arttext&pid=S0103-49792010000200009&lng=en&nrm=iso&tlng=pt";"crise econômica"
"http://www.scielo.br/scielo.php?script=sci_arttext&pid=S0103-49792009000100004&lng=en&nrm=iso&tlng=pt";"circuitos da economia urbana"
"http://www.scielo.br/scielo.php?script=sci_arttext&pid=S0103-49792009000300009&lng=en&nrm=iso&tlng=pt";"desigualdades socioeconômicas"
"http://www.scielo.br/scielo.php?script=sci_arttext&pid=S0103-49792009000300010&lng=en&nrm=iso&tlng=pt";"economia solidária"
"http://www.scielo.br/scielo.php?script=sci_arttext&pid=S0103-49792009000300013&lng=en&nrm=iso&tlng=pt";"indicadores socioeconômicos"
"http://www.scielo.br/scielo.php?script=sci_arttext&pid=S0103-49792008000200011&lng=en&nrm=iso&tlng=pt";"internacionalização da economia"
"http://www.scielo.br/scielo.php?script=sci_arttext&pid=S0103-49792007000100004&lng=en&nrm=iso&tlng=pt";"elites sociais e econômicas"
"http://www.scielo.br/scielo.php?script=sci_arttext&pid=S0104-83332016000200401&lng=en&nrm=iso&tlng=en";"Economias Sexuais"
"http://www.scielo.br/scielo.php?script=sci_arttext&pid=S0104-83332016000200401&lng=en&nrm=iso&tlng=pt";"Economias Sexuais"
"http://www.scielo.br/scielo.php?script=sci_arttext&pid=S0104-83332015000100061&lng=en&nrm=iso&tlng=en";"Economia do Desejo"
"http://www.scielo.br/scielo.php?script=sci_arttext&pid=S0104-83332015000100061&lng=en&nrm=iso&tlng=pt";"Economia do Desejo"
"http://www.scielo.br/scielo.php?script=sci_arttext&pid=S0104-83332014000100159&lng=en&nrm=iso&tlng=pt";"Intercâmbios econômicos e sexuais"
"http://www.scielo.br/scielo.php?script=sci_arttext&pid=S0011-52582015000200401&lng=en&nrm=iso&tlng=pt";"voto econômico"
"http://www.scielo.br/scielo.php?script=sci_arttext&pid=S0011-52582015000300581&lng=en&nrm=iso&tlng=pt";"desenvolvimento econômico e social"
"http://www.scielo.br/scielo.php?script=sci_arttext&pid=S0011-52582015000300617&lng=en&nrm=iso&tlng=pt";"economia política"
"http://www.scielo.br/scielo.php?script=sci_arttext&pid=S0011-52582014000200009&lng=en&nrm=iso&tlng=es";"cooperação econômica"
"http://www.scielo.br/scielo.php?script=sci_arttext&pid=S0101-73302016000200557&lng=en&nrm=iso&tlng=pt";"Desenvolvimento econômico"
"http://www.scielo.br/scielo.php?script=sci_arttext&pid=S0101-73302014000400999&lng=en&nrm=iso&tlng=pt";"Social Welfare Economics"
"http://www.scielo.br/scielo.php?script=sci_arttext&pid=S0101-73302014000400999&lng=en&nrm=iso&tlng=pt";"Social and Labor Economics"
"http://www.scielo.br/scielo.php?script=sci_arttext&pid=S0101-73302013000400008&lng=en&nrm=iso&tlng=pt";"Nível socioeconômico"
"http://www.scielo.br/scielo.php?script=sci_arttext&pid=S0101-73302004000300018&lng=en&nrm=iso&tlng=pt";"Economia do conhecimento"
"http://www.scielo.br/scielo.php?script=sci_arttext&pid=S0104-59702014000100299&lng=en&nrm=iso&tlng=en";"relações econômica, política e cultural"
"http://www.scielo.br/scielo.php?script=sci_arttext&pid=S0104-59702014000100299&lng=en&nrm=iso&tlng=pt";"relações econômica, política e cultural"
"http://www.scielo.br/scielo.php?script=sci_arttext&pid=S0104-59702013000401695&lng=en&nrm=iso&tlng=pt";"American International Association for Economic and Social Development"
"http://www.scielo.br/scielo.php?script=sci_arttext&pid=S0104-59702011000500005&lng=en&nrm=iso&tlng=pt";"economia açucareira"
"http://www.scielo.br/scielo.php?script=sci_arttext&pid=S0104-59702008000300003&lng=en&nrm=iso&tlng=en";"desenvolvimento econômico"
"http://www.scielo.br/scielo.php?script=sci_arttext&pid=S0104-59702006000400010&lng=en&nrm=iso&tlng=pt";"economia cafeeira"
"http://www.scielo.br/scielo.php?script=sci_arttext&pid=S0104-59702000000500002&lng=en&nrm=iso&tlng=pt";"desenvolvimento socioeconômico"
"http://www.scielo.br/scielo.php?script=sci_arttext&pid=S0104-59702000000500010&lng=en&nrm=iso&tlng=pt";"desenvolvimento socioeconômico"
"http://www.scielo.br/scielo.php?script=sci_arttext&pid=S0104-59701996000300005&lng=en&nrm=iso&tlng=pt";"história econômica"
"http://www.scielo.br/scielo.php?script=sci_arttext&pid=S0104-71832016000100127&lng=en&nrm=iso&tlng=pt";"economia"
"http://www.scielo.br/scielo.php?script=sci_arttext&pid=S0104-71832016000100217&lng=en&nrm=iso&tlng=pt";"cultura e economia"
"http://www.scielo.br/scielo.php?script=sci_arttext&pid=S0104-71832016000100307&lng=en&nrm=iso&tlng=pt";"economia simbólica"
"http://www.scielo.br/scielo.php?script=sci_arttext&pid=S0104-71832014000100008&lng=en&nrm=iso&tlng=pt";"economia informal"
"http://www.scielo.br/scielo.php?script=sci_arttext&pid=S0104-71832010000100007&lng=en&nrm=iso&tlng=pt";"antropologia econômica"
"http://www.scielo.br/scielo.php?script=sci_arttext&pid=S0104-71832007000200002&lng=en&nrm=iso&tlng=pt";"economia"
"http://www.scielo.br/scielo.php?script=sci_arttext&pid=S0104-71832002000200010&lng=en&nrm=iso&tlng=pt";"economia doméstica"
"http://www.scielo.br/scielo.php?script=sci_arttext&pid=S0104-71832001000100003&lng=en&nrm=iso&tlng=pt";"transição econômica"
"http://www.scielo.br/scielo.php?script=sci_arttext&pid=S0102-64452014000100010&lng=en&nrm=iso&tlng=pt";"Economia"
"http://www.scielo.br/scielo.php?script=sci_arttext&pid=S0102-64452014000300003&lng=en&nrm=iso&tlng=pt";"Desenvolvimento Econômico"
"http://www.scielo.br/scielo.php?script=sci_arttext&pid=S0102-64452014000300003&lng=en&nrm=iso&tlng=pt";"Crescimento Econômico"
"http://www.scielo.br/scielo.php?script=sci_arttext&pid=S0102-64452014000300006&lng=en&nrm=iso&tlng=pt";"Economia Solidária"
"http://www.scielo.br/scielo.php?script=sci_arttext&pid=S0102-64452013000300008&lng=en&nrm=iso&tlng=pt";"Integração Econômica"
"http://www.scielo.br/scielo.php?script=sci_arttext&pid=S0102-64452013000300009&lng=en&nrm=iso&tlng=pt";"Economia Política Internacional"
"http://www.scielo.br/scielo.php?script=sci_arttext&pid=S0102-64452011000200004&lng=en&nrm=iso&tlng=pt";"Economia solidária"
"http://www.scielo.br/scielo.php?script=sci_arttext&pid=S0102-64452009000200006&lng=en&nrm=iso&tlng=pt";"Economia"
"http://www.scielo.br/scielo.php?script=sci_arttext&pid=S0102-64452009000300006&lng=en&nrm=iso&tlng=pt";"Economia política Internacional"
"http://www.scielo.br/scielo.php?script=sci_arttext&pid=S0102-64452006000100003&lng=en&nrm=iso&tlng=pt";"Economia Política"
"http://www.scielo.br/scielo.php?script=sci_arttext&pid=S0102-64452006000400007&lng=en&nrm=iso&tlng=pt";"Abertura econômica"
"http://www.scielo.br/scielo.php?script=sci_arttext&pid=S0102-64452006000400008&lng=en&nrm=iso&tlng=pt";"Globalização econômica, social, política e cultural"
"http://www.scielo.br/scielo.php?script=sci_arttext&pid=S0102-64452003000100007&lng=en&nrm=iso&tlng=pt";"inovação econômica"
"http://www.scielo.br/scielo.php?script=sci_arttext&pid=S0102-64452002000200002&lng=en&nrm=iso&tlng=pt";"Economia brasileira"
"http://www.scielo.br/scielo.php?script=sci_arttext&pid=S0102-64452002000200002&lng=en&nrm=iso&tlng=pt";"economia e política no Brasil"
"http://www.scielo.br/scielo.php?script=sci_arttext&pid=S0104-93132016000100007&lng=en&nrm=iso&tlng=pt";"Economia emocional"
"http://www.scielo.br/scielo.php?script=sci_arttext&pid=S0104-93132010000100004&lng=en&nrm=iso&tlng=pt";"Economia performativa"
"http://www.scielo.br/scielo.php?script=sci_arttext&pid=S0104-93132009000100005&lng=en&nrm=iso&tlng=pt";"Economia"
"http://www.scielo.br/scielo.php?script=sci_arttext&pid=S0104-93132007000200004&lng=en&nrm=iso&tlng=pt";"Cultura econômica"
"http://www.scielo.br/scielo.php?script=sci_arttext&pid=S0104-93132007000200004&lng=en&nrm=iso&tlng=pt";"Sociologia econômica"
"http://www.scielo.br/scielo.php?script=sci_arttext&pid=S0104-93132006000200004&lng=en&nrm=iso&tlng=pt";"Economia"
"http://www.scielo.br/scielo.php?script=sci_arttext&pid=S0104-93132006000200004&lng=en&nrm=iso&tlng=pt";"Racionalização das condutas econômicas"
"http://www.scielo.br/scielo.php?script=sci_arttext&pid=S0104-93132006000200009&lng=en&nrm=iso&tlng=pt";"Economia dos cuidados"
"http://www.scielo.br/scielo.php?script=sci_arttext&pid=S0104-93132002000200006&lng=en&nrm=iso&tlng=pt";"Economia"
"http://www.scielo.br/scielo.php?script=sci_arttext&pid=S0104-93132001000100002&lng=en&nrm=iso&tlng=pt";"Economistas"
"http://www.scielo.br/scielo.php?script=sci_arttext&pid=S0104-93132001000100002&lng=en&nrm=iso&tlng=pt";"Ciência Econômica"
"http://www.scielo.br/scielo.php?script=sci_arttext&pid=S0102-69092015000300147&lng=en&nrm=iso&tlng=pt";"Cálculo econômico"
"http://www.scielo.br/scielo.php?script=sci_arttext&pid=S0102-69092011000100002&lng=en&nrm=iso&tlng=pt";"Classificação socioeconômica"
"http://www.scielo.br/scielo.php?script=sci_arttext&pid=S0102-69092011000300013&lng=en&nrm=iso&tlng=pt";"Sociologia econômica"
"http://www.scielo.br/scielo.php?script=sci_arttext&pid=S0102-69092009000100003&lng=en&nrm=iso&tlng=pt";"Economia solidária"
"http://www.scielo.br/scielo.php?script=sci_arttext&pid=S0102-69092009000100004&lng=en&nrm=iso&tlng=pt";"Economia informal"
"http://www.scielo.br/scielo.php?script=sci_arttext&pid=S0102-69092009000100004&lng=en&nrm=iso&tlng=pt";"Economia ilegal"
"http://www.scielo.br/scielo.php?script=sci_arttext&pid=S0102-69092009000200004&lng=en&nrm=iso&tlng=pt";"Economia da Defesa"
"http://www.scielo.br/scielo.php?script=sci_arttext&pid=S0102-69092008000300004&lng=en&nrm=iso&tlng=pt";"Economia e Sociedade"
"http://www.scielo.br/scielo.php?script=sci_arttext&pid=S0102-69092007000100009&lng=en&nrm=iso&tlng=pt";"Sociologia econômica"
"http://www.scielo.br/scielo.php?script=sci_arttext&pid=S0102-69092005000100008&lng=en&nrm=iso&tlng=pt";"Instituições econômicas"
"http://www.scielo.br/scielo.php?script=sci_arttext&pid=S0102-69092005000200002&lng=en&nrm=iso&tlng=pt";"Classificação socioeconômica"
"http://www.scielo.br/scielo.php?script=sci_arttext&pid=S0102-69092005000200004&lng=en&nrm=iso&tlng=pt";"Sociologia econômica"
"http://www.scielo.br/scielo.php?script=sci_arttext&pid=S0102-69092003000200003&lng=en&nrm=iso&tlng=pt";"Liberalização econômica"
"http://www.scielo.br/scielo.php?script=sci_arttext&pid=S0102-69092003000200008&lng=en&nrm=iso&tlng=pt";"Sociologia econômica"
"http://www.scielo.br/scielo.php?script=sci_arttext&pid=S0102-69092003000300007&lng=en&nrm=iso&tlng=pt";"Sociologia Econômica"
"http://www.scielo.br/scielo.php?script=sci_arttext&pid=S0102-69092002000300006&lng=en&nrm=iso&tlng=pt";"Desenvolvimento econômico"
"http://www.scielo.br/scielo.php?script=sci_arttext&pid=S0102-69092001000200002&lng=en&nrm=iso&tlng=pt";"Política econômica (Brasil)"
"http://www.scielo.br/scielo.php?script=sci_arttext&pid=S0102-69092001000200002&lng=en&nrm=iso&tlng=pt";"Estabilização econômica (Brasil)"
"http://www.scielo.br/scielo.php?script=sci_arttext&pid=S0102-69092000000100008&lng=en&nrm=iso&tlng=pt";"Desigualdades socioeconômicas"
"http://www.scielo.br/scielo.php?script=sci_arttext&pid=S0102-69092000000100008&lng=en&nrm=iso&tlng=pt";"Ética e Economia"
"http://www.scielo.br/scielo.php?script=sci_arttext&pid=S0102-69092000000100009&lng=en&nrm=iso&tlng=pt";"Crescimento econômico"
"http://www.scielo.br/scielo.php?script=sci_arttext&pid=S0102-69092000000200009&lng=en&nrm=iso&tlng=pt";"Ciência econômica"
"http://www.scielo.br/scielo.php?script=sci_arttext&pid=S0102-69091999000300008&lng=en&nrm=iso&tlng=pt";"Sociologia Econômica"
"http://www.scielo.br/scielo.php?script=sci_arttext&pid=S0034-77012003000100004&lng=en&nrm=iso&tlng=pt";"sistema econômico regional"
"http://www.scielo.br/scielo.php?script=sci_arttext&pid=S0034-77011998000200002&lng=en&nrm=iso&tlng=pt";"economia"
"http://www.scielo.br/scielo.php?script=sci_arttext&pid=S0102-69922015000200495&lng=en&nrm=iso&tlng=pt";"pensamento sociopolítico e econômico no Brasil"
"http://www.scielo.br/scielo.php?script=sci_arttext&pid=S0102-69922015000300749&lng=en&nrm=iso&tlng=pt";"segmentação econômica"
"http://www.scielo.br/scielo.php?script=sci_arttext&pid=S0102-69922014000200013&lng=en&nrm=iso&tlng=pt";"crise econômica"
"http://www.scielo.br/scielo.php?script=sci_arttext&pid=S0102-69922012000100005&lng=en&nrm=iso&tlng=pt";"Rede Tecnoeconômica"
"http://www.scielo.br/scielo.php?script=sci_arttext&pid=S0102-69922012000200006&lng=en&nrm=iso&tlng=pt";"Economia Popular"
"http://www.scielo.br/scielo.php?script=sci_arttext&pid=S0102-69922011000200010&lng=en&nrm=iso&tlng=pt";"eficiência econômica e diversidade do capitalismo"
"http://www.scielo.br/scielo.php?script=sci_arttext&pid=S0102-69922010000100005&lng=en&nrm=iso&tlng=pt";"Economia evolucionária"
"http://www.scielo.br/scielo.php?script=sci_arttext&pid=S0102-69922009000100006&lng=en&nrm=iso&tlng=pt";"instrumentos econômicos"
"http://www.scielo.br/scielo.php?script=sci_arttext&pid=S0102-69922008000300005&lng=en&nrm=iso&tlng=pt";"sociologia econômica"
"http://www.scielo.br/scielo.php?script=sci_arttext&pid=S0102-69922008000300005&lng=en&nrm=iso&tlng=pt";"cultura econômica"
"http://www.scielo.br/scielo.php?script=sci_arttext&pid=S0102-69922007000300008&lng=en&nrm=iso&tlng=pt";"Sociologia Econômica"
"http://www.scielo.br/scielo.php?script=sci_arttext&pid=S0102-69922006000200009&lng=en&nrm=iso&tlng=pt";"economia solidária"
"http://www.scielo.br/scielo.php?script=sci_arttext&pid=S0102-69922005000300007&lng=en&nrm=iso&tlng=pt";"economia de símbolos e espaços"
"http://www.scielo.br/scielo.php?script=sci_arttext&pid=S0102-69922002000100003&lng=en&nrm=iso&tlng=pt";"Sociologia Econômica"
"http://www.scielo.br/scielo.php?script=sci_arttext&pid=S0102-69922002000100003&lng=en&nrm=iso&tlng=pt";"redes de relações econômicas"
"http://www.scielo.br/scielo.php?script=sci_arttext&pid=S0102-69922002000100004&lng=en&nrm=iso&tlng=pt";"Sociologia Econômica"
"http://www.scielo.br/scielo.php?script=sci_arttext&pid=S0102-69922002000100005&lng=en&nrm=iso&tlng=en";"Sociologia Econômica"
"http://www.scielo.br/scielo.php?script=sci_arttext&pid=S0102-69922002000100005&lng=en&nrm=iso&tlng=en";"política econômica"
"http://www.scielo.br/scielo.php?script=sci_arttext&pid=S0102-69922002000100006&lng=en&nrm=iso&tlng=pt";"Sociologia Econômica"
"http://www.scielo.br/scielo.php?script=sci_arttext&pid=S0102-69922002000100007&lng=en&nrm=iso&tlng=pt";"Sociologia Econômica"
"http://www.scielo.br/scielo.php?script=sci_arttext&pid=S0102-69922002000100009&lng=en&nrm=iso&tlng=en";"Sociologia Econômica"
"http://www.scielo.br/scielo.php?script=sci_arttext&pid=S0102-69922002000200010&lng=en&nrm=iso&tlng=pt";"sociologia econômica"
"http://www.scielo.br/scielo.php?script=sci_arttext&pid=S0102-69922001000100004&lng=en&nrm=iso&tlng=pt";"economia solidária"
"http://www.scielo.br/scielo.php?script=sci_arttext&pid=S0102-69922001000100005&lng=en&nrm=iso&tlng=pt";"economia solidária"
"http://www.scielo.br/scielo.php?script=sci_arttext&pid=S0102-69922001000100008&lng=en&nrm=iso&tlng=pt";"economia solidária"
"http://www.scielo.br/scielo.php?script=sci_arttext&pid=S0102-69922001000100011&lng=en&nrm=iso&tlng=pt";"Economia solidária"
"http://www.scielo.br/scielo.php?script=sci_arttext&pid=S0102-69922001000100011&lng=en&nrm=iso&tlng=pt";"economia plural"
"http://www.scielo.br/scielo.php?script=sci_arttext&pid=S1517-45222015000300124&lng=en&nrm=iso&tlng=pt";"Status socioeconômico"
"http://www.scielo.br/scielo.php?script=sci_arttext&pid=S1517-45222014000200060&lng=en&nrm=iso&tlng=pt";"Economia social"
"http://www.scielo.br/scielo.php?script=sci_arttext&pid=S1517-45222014000200060&lng=en&nrm=iso&tlng=pt";"Sociologia econômica"
"http://www.scielo.br/scielo.php?script=sci_arttext&pid=S1517-45222014000300042&lng=en&nrm=iso&tlng=pt";"Economia"
"http://www.scielo.br/scielo.php?script=sci_arttext&pid=S1517-45222012000200008&lng=en&nrm=iso&tlng=pt";"Sociologia econômica"
"http://www.scielo.br/scielo.php?script=sci_arttext&pid=S1517-45222011000100011&lng=en&nrm=iso&tlng=pt";"Impactos socioeconômicos e ambientais"
"http://www.scielo.br/scielo.php?script=sci_arttext&pid=S1517-45222011000200007&lng=en&nrm=iso&tlng=pt";"Bioeconomia"
"http://www.scielo.br/scielo.php?script=sci_arttext&pid=S1517-45222011000200007&lng=en&nrm=iso&tlng=pt";"Ecoeconomia"
"http://www.scielo.br/scielo.php?script=sci_arttext&pid=S1517-45222011000200009&lng=en&nrm=iso&tlng=pt";"Desenvolvimento econômico"
"http://www.scielo.br/scielo.php?script=sci_arttext&pid=S1517-45222011000300005&lng=en&nrm=iso&tlng=pt";"Movimento de economia solidária"
"http://www.scielo.br/scielo.php?script=sci_arttext&pid=S1517-45222010000300007&lng=en&nrm=iso&tlng=pt";"Economia solidária"
"http://www.scielo.br/scielo.php?script=sci_arttext&pid=S1517-45222009000100012&lng=en&nrm=iso&tlng=pt";"Economia solidária"
"http://www.scielo.br/scielo.php?script=sci_arttext&pid=S1517-45222007000100005&lng=en&nrm=iso&tlng=pt";"status socioeconômico"
"http://www.scielo.br/scielo.php?script=sci_arttext&pid=S1517-45222007000200004&lng=en&nrm=iso&tlng=es";"desigualdades socioeconômicas"
"http://www.scielo.br/scielo.php?script=sci_arttext&pid=S1517-45222007000200005&lng=en&nrm=iso&tlng=pt";"Desigualdades socioeconômicas"
"http://www.scielo.br/scielo.php?script=sci_arttext&pid=S1517-45222004000200002&lng=en&nrm=iso&tlng=pt";"reestruturação econômica"
"http://www.scielo.br/scielo.php?script=sci_arttext&pid=S1517-45222003000100003&lng=en&nrm=iso&tlng=pt";"teoria do crescimento econômico"
"http://www.scielo.br/scielo.php?script=sci_arttext&pid=S1517-45222002000100005&lng=en&nrm=iso&tlng=pt";"economia da saúde"
"http://www.scielo.br/scielo.php?script=sci_arttext&pid=S1517-45222002000200010&lng=en&nrm=iso&tlng=pt";"base socioeconômica"
"http://www.scielo.br/scielo.php?script=sci_arttext&pid=S0103-20702016000100055&lng=en&nrm=iso&tlng=pt";"Dinâmica socioeconômica"
"http://www.scielo.br/scielo.php?script=sci_arttext&pid=S0103-20702012000100002&lng=en&nrm=iso&tlng=pt";"Sociologia, história, economia política"
"http://www.scielo.br/scielo.php?script=sci_arttext&pid=S0103-20702012000100003&lng=en&nrm=iso&tlng=pt";"Economia"
"http://www.scielo.br/scielo.php?script=sci_arttext&pid=S0103-20702012000100003&lng=en&nrm=iso&tlng=pt";"História econômica"
"http://www.scielo.br/scielo.php?script=sci_arttext&pid=S0103-20702012000100004&lng=en&nrm=iso&tlng=pt";"Economia"
"http://www.scielo.br/scielo.php?script=sci_arttext&pid=S0103-20702012000100005&lng=en&nrm=iso&tlng=pt";"Economia"
"http://www.scielo.br/scielo.php?script=sci_arttext&pid=S0103-20702012000100008&lng=en&nrm=iso&tlng=pt";"Economia e sociedade"
"http://www.scielo.br/scielo.php?script=sci_arttext&pid=S0103-20702012000100008&lng=en&nrm=iso&tlng=pt";"Sociologia econômica"
"http://www.scielo.br/scielo.php?script=sci_arttext&pid=S0103-20702012000100008&lng=en&nrm=iso&tlng=pt";"História econômica"
"http://www.scielo.br/scielo.php?script=sci_arttext&pid=S0103-20702012000100009&lng=en&nrm=iso&tlng=pt";"História econômica"
"http://www.scielo.br/scielo.php?script=sci_arttext&pid=S0103-20702012000200009&lng=en&nrm=iso&tlng=pt";"Sociologia econômica"
"http://www.scielo.br/scielo.php?script=sci_arttext&pid=S0103-20702010000200004&lng=en&nrm=iso&tlng=pt";"Sociologia econômica"
"http://www.scielo.br/scielo.php?script=sci_arttext&pid=S0103-20702009000100005&lng=en&nrm=iso&tlng=pt";"Sociologia econômica"
"http://www.scielo.br/scielo.php?script=sci_arttext&pid=S0103-20702009000200005&lng=en&nrm=iso&tlng=pt";"Ensino de economia política na Argentina"
"http://www.scielo.br/scielo.php?script=sci_arttext&pid=S0103-20702009000200008&lng=en&nrm=iso&tlng=pt";"Sociologia econômica"
"http://www.scielo.br/scielo.php?script=sci_arttext&pid=S0103-20702008000100008&lng=en&nrm=iso&tlng=pt";"Economistas e educadores"
"http://www.scielo.br/scielo.php?script=sci_arttext&pid=S0103-20702008000200003&lng=en&nrm=iso&tlng=pt";"Economia religiosa"
"http://www.scielo.br/scielo.php?script=sci_arttext&pid=S0103-20702007000200008&lng=en&nrm=iso&tlng=pt";"Campo econômico"
"http://www.scielo.br/scielo.php?script=sci_arttext&pid=S0103-20702007000200008&lng=en&nrm=iso&tlng=pt";"Sociologia Econômica"
"http://www.scielo.br/scielo.php?script=sci_arttext&pid=S0103-20702006000100019&lng=en&nrm=iso&tlng=pt";"Sociologia econômica"
"http://www.scielo.br/scielo.php?script=sci_arttext&pid=S0103-20702005000100012&lng=en&nrm=iso&tlng=pt";"Estado e economia"
"http://www.scielo.br/scielo.php?script=sci_arttext&pid=S0103-20702004000200001&lng=en&nrm=iso&tlng=pt";"Sociologia econômica"
"http://www.scielo.br/scielo.php?script=sci_arttext&pid=S0103-20702004000200001&lng=en&nrm=iso&tlng=pt";"\"Construção social da economia\""
"http://www.scielo.br/scielo.php?script=sci_arttext&pid=S0103-20702004000200002&lng=en&nrm=iso&tlng=pt";"Nova sociologia econômica"
"http://www.scielo.br/scielo.php?script=sci_arttext&pid=S0103-20702004000200002&lng=en&nrm=iso&tlng=pt";"Nova economia institucional"
"http://www.scielo.br/scielo.php?script=sci_arttext&pid=S0103-20702004000200003&lng=en&nrm=iso&tlng=pt";"Performance econômica"
"http://www.scielo.br/scielo.php?script=sci_arttext&pid=S0103-20702004000200005&lng=en&nrm=iso&tlng=pt";"Sociologia econômica"
"http://www.scielo.br/scielo.php?script=sci_arttext&pid=S0103-20702004000200007&lng=en&nrm=iso&tlng=pt";"Sociologia econômica"
"http://www.scielo.br/scielo.php?script=sci_arttext&pid=S0103-20702004000200007&lng=en&nrm=iso&tlng=pt";"Cultura econômica"
"http://www.scielo.br/scielo.php?script=sci_arttext&pid=S0103-20702004000200008&lng=en&nrm=iso&tlng=pt";"Economistas"
"http://www.scielo.br/scielo.php?script=sci_arttext&pid=S0103-20702004000200008&lng=en&nrm=iso&tlng=pt";"Culturas econômicas"
"http://www.scielo.br/scielo.php?script=sci_arttext&pid=S0103-20702003000200008&lng=en&nrm=iso&tlng=pt";"Política econômica"
"http://www.scielo.br/scielo.php?script=sci_arttext&pid=S0103-20702003000200011&lng=en&nrm=iso&tlng=pt";"Política econômica"
"http://www.scielo.br/scielo.php?script=sci_arttext&pid=S0103-20702001000200003&lng=en&nrm=iso&tlng=pt";"crise econômica"
"http://www.scielo.br/scielo.php?script=sci_arttext&pid=S0103-20701999000200002&lng=en&nrm=iso&tlng=pt";"economia global"
"http://www.scielo.br/scielo.php?script=sci_arttext&pid=S0103-20701999000200003&lng=en&nrm=iso&tlng=pt";"política econômica"
"http://www.scielo.br/scielo.php?script=sci_arttext&pid=S0103-20701999000200006&lng=en&nrm=iso&tlng=pt";"macroeconomia"
"http://www.scielo.br/scielo.php?script=sci_arttext&pid=S0103-20701999000200006&lng=en&nrm=iso&tlng=pt";"economia brasileira"
"http://www.scielo.br/scielo.php?script=sci_arttext&pid=S0103-20701998000100010&lng=en&nrm=iso&tlng=pt";"sociologia econômica"
"http://www.scielo.br/scielo.php?script=sci_arttext&pid=S0103-20701998000100010&lng=en&nrm=iso&tlng=pt";"convenções econômicas"
"http://www.scielo.br/scielo.php?script=sci_arttext&pid=S2236-99962016000200441&lng=en&nrm=iso&tlng=pt";"desenvolvimento econômico"
"http://www.scielo.br/scielo.php?script=sci_arttext&pid=S1413-81232016000100017&lng=en&nrm=iso&tlng=en";"Fatores socioeconômicos"
"http://www.scielo.br/scielo.php?script=sci_arttext&pid=S1413-81232016000300719&lng=en&nrm=iso&tlng=en";"Acessibilidade econômica"
"http://www.scielo.br/scielo.php?script=sci_arttext&pid=S1413-81232016000401071&lng=en&nrm=iso&tlng=pt";"Fatores socioeconômicos"
"http://www.scielo.br/scielo.php?script=sci_arttext&pid=S1413-81232016000401197&lng=en&nrm=iso&tlng=en";"Condições socioeconômicas"
"http://www.scielo.br/scielo.php?script=sci_arttext&pid=S1413-81232016000401197&lng=en&nrm=iso&tlng=pt";"Condições socioeconômicas"
"http://www.scielo.br/scielo.php?script=sci_arttext&pid=S1413-81232016000401227&lng=en&nrm=iso&tlng=pt";"Fatores socioeconômicos"
"http://www.scielo.br/scielo.php?script=sci_arttext&pid=S1413-81232016001103347&lng=en&nrm=iso&tlng=en";"Fatores socioeconômicos"
"http://www.scielo.br/scielo.php?script=sci_arttext&pid=S1413-81232016001103347&lng=en&nrm=iso&tlng=pt";"Fatores socioeconômicos"
"http://www.scielo.br/scielo.php?script=sci_arttext&pid=S1413-81232016001103399&lng=en&nrm=iso&tlng=en";"Fatores socioeconômicos"
"http://www.scielo.br/scielo.php?script=sci_arttext&pid=S1413-81232016001103399&lng=en&nrm=iso&tlng=pt";"Fatores socioeconômicos"
"http://www.scielo.br/scielo.php?script=sci_arttext&pid=S1413-81232015000401165&lng=en&nrm=iso&tlng=en";"Complexo econômico e industrial da saúde"
"http://www.scielo.br/scielo.php?script=sci_arttext&pid=S1413-81232015000401165&lng=en&nrm=iso&tlng=pt";"Complexo econômico e industrial da saúde"
"http://www.scielo.br/scielo.php?script=sci_arttext&pid=S1413-81232015000501425&lng=en&nrm=iso&tlng=pt";"Economia"
"http://www.scielo.br/scielo.php?script=sci_arttext&pid=S1413-81232015000501425&lng=en&nrm=iso&tlng=pt";"Economia da Saúde"
"http://www.scielo.br/scielo.php?script=sci_arttext&pid=S1413-81232015000501515&lng=en&nrm=iso&tlng=en";"Posição socioeconômica"
"http://www.scielo.br/scielo.php?script=sci_arttext&pid=S1413-81232015000501515&lng=en&nrm=iso&tlng=pt";"Posição socioeconômica"
"http://www.scielo.br/scielo.php?script=sci_arttext&pid=S1413-81232015000802371&lng=en&nrm=iso&tlng=pt";"Fatores Socioeconômicos"
"http://www.scielo.br/scielo.php?script=sci_arttext&pid=S1413-81232015001003163&lng=en&nrm=iso&tlng=pt";"Aspectos econômicos"
"http://www.scielo.br/scielo.php?script=sci_arttext&pid=S1413-81232015001003211&lng=en&nrm=iso&tlng=pt";"Avaliação econômica"
"http://www.scielo.br/scielo.php?script=sci_arttext&pid=S1413-81232015001103329&lng=en&nrm=iso&tlng=pt";"Indicadores econômicos"
"http://www.scielo.br/scielo.php?script=sci_arttext&pid=S1413-81232015001103375&lng=en&nrm=iso&tlng=pt";"Fatores socioeconômicos"
"http://www.scielo.br/scielo.php?script=sci_arttext&pid=S1413-81232015001203653&lng=en&nrm=iso&tlng=en";"Fatores socioeconômicos"
"http://www.scielo.br/scielo.php?script=sci_arttext&pid=S1413-81232015001203653&lng=en&nrm=iso&tlng=pt";"Fatores socioeconômicos"
"http://www.scielo.br/scielo.php?script=sci_arttext&pid=S1413-81232014000200599&lng=en&nrm=iso&tlng=pt";"Economia da saúde"
"http://www.scielo.br/scielo.php?script=sci_arttext&pid=S1413-81232014000401179&lng=en&nrm=iso&tlng=en";"Variáveis socioeconômicas"
"http://www.scielo.br/scielo.php?script=sci_arttext&pid=S1413-81232014000501367&lng=en&nrm=iso&tlng=pt";"Fatores socioeconômicos"
"http://www.scielo.br/scielo.php?script=sci_arttext&pid=S1413-81232014000501389&lng=en&nrm=iso&tlng=pt";"Economia farmacêutica"
"http://www.scielo.br/scielo.php?script=sci_arttext&pid=S1413-81232014000501533&lng=en&nrm=iso&tlng=pt";"Fatores socioeconômicos"
"http://www.scielo.br/scielo.php?script=sci_arttext&pid=S1413-81232014000702055&lng=en&nrm=iso&tlng=pt";"Fatores socioeconômicos"
"http://www.scielo.br/scielo.php?script=sci_arttext&pid=S1413-81232014001004023&lng=en&nrm=iso&tlng=pt";"Desenvolvimento econômico"
"http://www.scielo.br/scielo.php?script=sci_arttext&pid=S1413-81232013000100013&lng=en&nrm=iso&tlng=pt";"Economia"
"http://www.scielo.br/scielo.php?script=sci_arttext&pid=S1413-81232013000100013&lng=en&nrm=iso&tlng=pt";"Economia da saúde"
"http://www.scielo.br/scielo.php?script=sci_arttext&pid=S1413-81232013000600012&lng=en&nrm=iso&tlng=pt";"Ajuste macroeconômico"
"http://www.scielo.br/scielo.php?script=sci_arttext&pid=S1413-81232013000800007&lng=en&nrm=iso&tlng=pt";"Fatores socioeconômicos"
"http://www.scielo.br/scielo.php?script=sci_arttext&pid=S1413-81232013001000031&lng=en&nrm=iso&tlng=pt";"Fatores socioeconômicos"
"http://www.scielo.br/scielo.php?script=sci_arttext&pid=S1413-81232013001100017&lng=en&nrm=iso&tlng=pt";"Fatores socioeconômicos"
"http://www.scielo.br/scielo.php?script=sci_arttext&pid=S1413-81232013001100030&lng=en&nrm=iso&tlng=pt";"Fatores Socioeconômicos"
"http://www.scielo.br/scielo.php?script=sci_arttext&pid=S1413-81232012000300024&lng=en&nrm=iso&tlng=pt";"Avaliação econômica em saúde"
"http://www.scielo.br/scielo.php?script=sci_arttext&pid=S1413-81232012000300024&lng=en&nrm=iso&tlng=pt";"Teoria econômica"
"http://www.scielo.br/scielo.php?script=sci_arttext&pid=S1413-81232012000400009&lng=en&nrm=iso&tlng=pt";"Economia da saúde"
"http://www.scielo.br/scielo.php?script=sci_arttext&pid=S1413-81232012000500010&lng=en&nrm=iso&tlng=pt";"Fatores socioeconômicos"
"http://www.scielo.br/scielo.php?script=sci_arttext&pid=S1413-81232012000600010&lng=en&nrm=iso&tlng=pt";"economia marrom"
"http://www.scielo.br/scielo.php?script=sci_arttext&pid=S1413-81232012000600011&lng=en&nrm=iso&tlng=pt";"economia verde"
"http://www.scielo.br/scielo.php?script=sci_arttext&pid=S1413-81232012000600011&lng=en&nrm=iso&tlng=pt";"economia ecológica"
"http://www.scielo.br/scielo.php?script=sci_arttext&pid=S1413-81232012000600012&lng=en&nrm=iso&tlng=pt";"economia verde"
"http://www.scielo.br/scielo.php?script=sci_arttext&pid=S1413-81232012000800023&lng=en&nrm=iso&tlng=pt";"Status socioeconômico"
"http://www.scielo.br/scielo.php?script=sci_arttext&pid=S1413-81232012000900027&lng=en&nrm=iso&tlng=pt";"Fatores socioeconômicos"
"http://www.scielo.br/scielo.php?script=sci_arttext&pid=S1413-81232012001100012&lng=en&nrm=iso&tlng=pt";"Fatores socioeconômicos"
"http://www.scielo.br/scielo.php?script=sci_arttext&pid=S1413-81232011000200025&lng=en&nrm=iso&tlng=pt";"Fatores socioeconômicos"
"http://www.scielo.br/scielo.php?script=sci_arttext&pid=S1413-81232011000200028&lng=en&nrm=iso&tlng=pt";"Impactos socioeconômicos"
"http://www.scielo.br/scielo.php?script=sci_arttext&pid=S1413-81232011000300017&lng=en&nrm=iso&tlng=pt";"Variáveis socioeconômicas"
"http://www.scielo.br/scielo.php?script=sci_arttext&pid=S1413-81232011000500024&lng=en&nrm=iso&tlng=pt";"Fatores socioeconômicos"
"http://www.scielo.br/scielo.php?script=sci_arttext&pid=S1413-81232011000700031&lng=en&nrm=iso&tlng=pt";"Perfil nosológico e socioeconômico"
"http://www.scielo.br/scielo.php?script=sci_arttext&pid=S1413-81232011000700038&lng=en&nrm=iso&tlng=pt";"Indicadores econômico-financeiros"
"http://www.scielo.br/scielo.php?script=sci_arttext&pid=S1413-81232011000800010&lng=en&nrm=iso&tlng=pt";"Economia da saúde"
"http://www.scielo.br/scielo.php?script=sci_arttext&pid=S1413-81232011001100010&lng=en&nrm=iso&tlng=en";"Status socioeconômico"
"http://www.scielo.br/scielo.php?script=sci_arttext&pid=S1413-81232011001100015&lng=en&nrm=iso&tlng=pt";"Fatores socioeconômicos"
"http://www.scielo.br/scielo.php?script=sci_arttext&pid=S1413-81232009000300024&lng=en&nrm=iso&tlng=en";"Comportamento econômico"
"http://www.scielo.br/scielo.php?script=sci_arttext&pid=S1413-81232009000300024&lng=en&nrm=iso&tlng=pt";"Comportamento econômico"
"http://www.scielo.br/scielo.php?script=sci_arttext&pid=S1413-81232009000300028&lng=en&nrm=iso&tlng=pt";"Avaliação econômica em saúde"
"http://www.scielo.br/scielo.php?script=sci_arttext&pid=S1413-81232009000600035&lng=en&nrm=iso&tlng=pt";"Condição socioeconômica"
"http://www.scielo.br/scielo.php?script=sci_arttext&pid=S1413-81232009000800025&lng=en&nrm=iso&tlng=pt";"Avaliação econômica em saúde"
"http://www.scielo.br/scielo.php?script=sci_arttext&pid=S1413-81232008000500007&lng=en&nrm=iso&tlng=pt";"Economia política da saúde"
"http://www.scielo.br/scielo.php?script=sci_arttext&pid=S1413-81232008000700008&lng=en&nrm=iso&tlng=pt";"Economia do medicamento"
"http://www.scielo.br/scielo.php?script=sci_arttext&pid=S1413-81232008000700008&lng=en&nrm=iso&tlng=pt";"Farmacoeconomia"
"http://www.scielo.br/scielo.php?script=sci_arttext&pid=S1413-81232007000100017&lng=en&nrm=iso&tlng=pt";"Eficiência econômica"
"http://www.scielo.br/scielo.php?script=sci_arttext&pid=S1413-81232007000200028&lng=en&nrm=iso&tlng=pt";"Fator socioeconômico"
"http://www.scielo.br/scielo.php?script=sci_arttext&pid=S1413-81232007000500028&lng=en&nrm=iso&tlng=pt";"Classificação socioeconômica"
"http://www.scielo.br/scielo.php?script=sci_arttext&pid=S1413-81232007000700008&lng=en&nrm=iso&tlng=pt";"Economia da saúde"
"http://www.scielo.br/scielo.php?script=sci_arttext&pid=S1413-81232006000100015&lng=en&nrm=iso&tlng=pt";"Condições socioeconômicas"
"http://www.scielo.br/scielo.php?script=sci_arttext&pid=S1413-81232006000100025&lng=en&nrm=iso&tlng=pt";"Economia da saúde"
"http://www.scielo.br/scielo.php?script=sci_arttext&pid=S1413-81232006000400012&lng=en&nrm=iso&tlng=pt";"Determinantes socioeconômicos"
"http://www.scielo.br/scielo.php?script=sci_arttext&pid=S1413-81232005000200002&lng=en&nrm=iso&tlng=pt";"Economia da saúde"
"http://www.scielo.br/scielo.php?script=sci_arttext&pid=S1413-81232005000500029&lng=en&nrm=iso&tlng=pt";"Farmacoeconomia"
"http://www.scielo.br/scielo.php?script=sci_arttext&pid=S1413-81232005000500029&lng=en&nrm=iso&tlng=pt";"Avaliação econômica"
"http://www.scielo.br/scielo.php?script=sci_arttext&pid=S1413-81232003000200015&lng=en&nrm=iso&tlng=pt";"Economia da saúde"
"http://www.scielo.br/scielo.php?script=sci_arttext&pid=S1413-81232003000400017&lng=en&nrm=iso&tlng=pt";"Contribuição econômica"
"http://www.scielo.br/scielo.php?script=sci_arttext&pid=S1413-81232002000100002&lng=en&nrm=iso&tlng=pt";"Desigualdades socioeconômicas e saúde"
"http://www.scielo.br/scielo.php?script=sci_arttext&pid=S1413-81232002000400011&lng=en&nrm=iso&tlng=pt";"Diferenciais socioeconômicos"
"http://www.scielo.br/scielo.php?script=sci_arttext&pid=S1413-81232002000400013&lng=en&nrm=iso&tlng=pt";"Fatores socioeconômicos"
"http://www.scielo.br/scielo.php?script=sci_arttext&pid=S1413-81232001000200006&lng=en&nrm=iso&tlng=pt";"Economia política da saúde"
"http://www.scielo.br/scielo.php?script=sci_arttext&pid=S1413-81231999000200012&lng=en&nrm=iso&tlng=pt";"Desenvolvimento Econômico e Social"
"http://www.scielo.br/scielo.php?script=sci_arttext&pid=S0101-33002015000100079&lng=en&nrm=iso&tlng=pt";"economia brasileira"
"http://www.scielo.br/scielo.php?script=sci_arttext&pid=S0101-33002014000100003&lng=en&nrm=iso&tlng=pt";"Economia brasileira"
"http://www.scielo.br/scielo.php?script=sci_arttext&pid=S0101-33002014000100003&lng=en&nrm=iso&tlng=pt";"Crescimento econômico"
"http://www.scielo.br/scielo.php?script=sci_arttext&pid=S0101-33002014000100005&lng=en&nrm=iso&tlng=pt";"Crescimento econômico"
"http://www.scielo.br/scielo.php?script=sci_arttext&pid=S0101-33002014000100010&lng=en&nrm=iso&tlng=pt";"Economia"
"http://www.scielo.br/scielo.php?script=sci_arttext&pid=S0101-33002014000300097&lng=en&nrm=iso&tlng=pt";"crescimento econômico"
"http://www.scielo.br/scielo.php?script=sci_arttext&pid=S0101-33002013000300011&lng=en&nrm=iso&tlng=pt";"Gestão macroeconômica"
"http://www.scielo.br/scielo.php?script=sci_arttext&pid=S0101-33002013000300011&lng=en&nrm=iso&tlng=pt";"Atividade econômica"
"http://www.scielo.br/scielo.php?script=sci_arttext&pid=S0101-33002012000100004&lng=en&nrm=iso&tlng=pt";"crise econômica"
"http://www.scielo.br/scielo.php?script=sci_arttext&pid=S0101-33002012000100005&lng=en&nrm=iso&tlng=pt";"crise econômica"
"http://www.scielo.br/scielo.php?script=sci_arttext&pid=S0101-33002012000100006&lng=en&nrm=iso&tlng=pt";"Modelo econômico espanhol"
"http://www.scielo.br/scielo.php?script=sci_arttext&pid=S0101-33002012000100006&lng=en&nrm=iso&tlng=pt";"crise econômica"
"http://www.scielo.br/scielo.php?script=sci_arttext&pid=S0101-33002012000300003&lng=en&nrm=iso&tlng=pt";"desconcentração econômica"
"http://www.scielo.br/scielo.php?script=sci_arttext&pid=S0101-33002011000100002&lng=en&nrm=iso&tlng=pt";"Economias do Leste Asiático"
"http://www.scielo.br/scielo.php?script=sci_arttext&pid=S0101-33002011000100002&lng=en&nrm=iso&tlng=pt";"relações econômicas entre China-EUA"
"http://www.scielo.br/scielo.php?script=sci_arttext&pid=S0101-33002011000100004&lng=en&nrm=iso&tlng=pt";"crescimento econômico"
"http://www.scielo.br/scielo.php?script=sci_arttext&pid=S0101-33002011000100006&lng=en&nrm=iso&tlng=pt";"Crescimento econômico"
"http://www.scielo.br/scielo.php?script=sci_arttext&pid=S0101-33002011000300004&lng=en&nrm=iso&tlng=pt";"desenvolvimento econômico"
"http://www.scielo.br/scielo.php?script=sci_arttext&pid=S0101-33002010000300008&lng=en&nrm=iso&tlng=pt";"economia mexicana"
"http://www.scielo.br/scielo.php?script=sci_arttext&pid=S0101-33002009000100005&lng=en&nrm=iso&tlng=pt";"economia"
"http://www.scielo.br/scielo.php?script=sci_arttext&pid=S0101-33002009000100006&lng=en&nrm=iso&tlng=pt";"crise econômica"
"http://www.scielo.br/scielo.php?script=sci_arttext&pid=S0101-33002009000100006&lng=en&nrm=iso&tlng=pt";"macroeconomia"
"http://www.scielo.br/scielo.php?script=sci_arttext&pid=S0101-33002009000200007&lng=en&nrm=iso&tlng=pt";"Crescimento econômico"
"http://www.scielo.br/scielo.php?script=sci_arttext&pid=S0101-33002009000200009&lng=en&nrm=iso&tlng=pt";"economia de bazar"
"http://www.scielo.br/scielo.php?script=sci_arttext&pid=S0101-33002009000300007&lng=en&nrm=iso&tlng=pt";"sociologia econômica"
"http://www.scielo.br/scielo.php?script=sci_arttext&pid=S0101-33002008000100008&lng=en&nrm=iso&tlng=pt";"expansão econômica"
"http://www.scielo.br/scielo.php?script=sci_arttext&pid=S0101-33002008000100009&lng=en&nrm=iso&tlng=pt";"economia"
"http://www.scielo.br/scielo.php?script=sci_arttext&pid=S0101-33002008000100012&lng=en&nrm=iso&tlng=pt";"economia rentista"
"http://www.scielo.br/scielo.php?script=sci_arttext&pid=S0101-33002008000200003&lng=en&nrm=iso&tlng=pt";"economia brasileira"
"http://www.scielo.br/scielo.php?script=sci_arttext&pid=S0101-33002008000200003&lng=en&nrm=iso&tlng=pt";"crescimento econômico"
"http://www.scielo.br/scielo.php?script=sci_arttext&pid=S0101-33002008000200004&lng=en&nrm=iso&tlng=pt";"economia brasileira"
"http://www.scielo.br/scielo.php?script=sci_arttext&pid=S0101-33002008000200004&lng=en&nrm=iso&tlng=pt";"crescimento econômico"
"http://www.scielo.br/scielo.php?script=sci_arttext&pid=S0101-33002008000200004&lng=en&nrm=iso&tlng=pt";"macroeconomia"
"http://www.scielo.br/scielo.php?script=sci_arttext&pid=S0101-33002008000200005&lng=en&nrm=iso&tlng=pt";"crescimento econômico"
"http://www.scielo.br/scielo.php?script=sci_arttext&pid=S0101-33002008000200005&lng=en&nrm=iso&tlng=pt";"economia internacional"
"http://www.scielo.br/scielo.php?script=sci_arttext&pid=S0101-33002008000300001&lng=en&nrm=iso&tlng=pt";"economia"
"http://www.scielo.br/scielo.php?script=sci_arttext&pid=S0101-33002008000300001&lng=en&nrm=iso&tlng=pt";"crise econômica"
"http://www.scielo.br/scielo.php?script=sci_arttext&pid=S0101-33002008000300002&lng=en&nrm=iso&tlng=pt";"crise econômica"
"http://www.scielo.br/scielo.php?script=sci_arttext&pid=S0101-33002008000300003&lng=en&nrm=iso&tlng=pt";"crise econômica"
"http://www.scielo.br/scielo.php?script=sci_arttext&pid=S0101-33002007000100001&lng=en&nrm=iso&tlng=pt";"economia brasileira"
"http://www.scielo.br/scielo.php?script=sci_arttext&pid=S0101-33002007000100002&lng=en&nrm=iso&tlng=pt";"desenvolvimento econômico"
"http://www.scielo.br/scielo.php?script=sci_arttext&pid=S0101-33002007000100003&lng=en&nrm=iso&tlng=pt";"crescimento econômico"
"http://www.scielo.br/scielo.php?script=sci_arttext&pid=S0101-33002007000300002&lng=en&nrm=iso&tlng=pt";"economia americana"
"http://www.scielo.br/scielo.php?script=sci_arttext&pid=S0101-33002005000200004&lng=en&nrm=iso&tlng=pt";"desenvolvimento econômico"
"http://www.scielo.br/scielo.php?script=sci_arttext&pid=S0101-33002005000300004&lng=en&nrm=iso&tlng=pt";"política macroeconômica brasileira"
"http://www.scielo.br/scielo.php?script=sci_arttext&pid=S0101-33002005000300004&lng=en&nrm=iso&tlng=pt";"crescimento econômico"
"http://www.scielo.br/scielo.php?script=sci_arttext&pid=S0104-62762015000300514&lng=en&nrm=iso&tlng=pt";"econometria espacial"
"http://www.scielo.br/scielo.php?script=sci_arttext&pid=S0104-62762013000200002&lng=en&nrm=iso&tlng=pt";"econometria espacial"
"http://www.scielo.br/scielo.php?script=sci_arttext&pid=S0104-62762009000100001&lng=en&nrm=iso&tlng=pt";"nível socioeconômico"
"http://www.scielo.br/scielo.php?script=sci_arttext&pid=S0104-62762008000200001&lng=en&nrm=iso&tlng=pt";"econometria espacial"
"http://www.scielo.br/scielo.php?script=sci_arttext&pid=S0104-62762006000200004&lng=en&nrm=iso&tlng=pt";"situação econômica"
"http://www.scielo.br/scielo.php?script=sci_arttext&pid=S0104-62762005000200004&lng=en&nrm=iso&tlng=pt";"desenvolvimento econômico"
"http://www.scielo.br/scielo.php?script=sci_arttext&pid=S0104-62762003000100008&lng=en&nrm=iso&tlng=pt";"desempenho econômico"
"http://www.scielo.br/scielo.php?script=sci_arttext&pid=S0104-62762000000100004&lng=en&nrm=iso&tlng=pt";"reestruturação econômica"
"http://www.scielo.br/scielo.php?script=sci_arttext&pid=S0104-62762000000200003&lng=en&nrm=iso&tlng=pt";"integração econômica"
"http://www.scielo.br/scielo.php?script=sci_arttext&pid=S0100-85872007000100008&lng=en&nrm=iso&tlng=pt";"economia solidária"
"http://www.scielo.br/scielo.php?script=sci_arttext&pid=S0102-30982015000100007&lng=en&nrm=iso&tlng=pt";"Crise econômica"
"http://www.scielo.br/scielo.php?script=sci_arttext&pid=S0102-30982015000200313&lng=en&nrm=iso&tlng=pt";"Bem-estar econômico"
"http://www.scielo.br/scielo.php?script=sci_arttext&pid=S0102-30982015000200313&lng=en&nrm=iso&tlng=pt";"Inclusão econômica"
"http://www.scielo.br/scielo.php?script=sci_arttext&pid=S0102-30982013000200008&lng=en&nrm=iso&tlng=pt";"Economia cafeeira"
"http://www.scielo.br/scielo.php?script=sci_arttext&pid=S0102-30982012000100011&lng=en&nrm=iso&tlng=pt";"Economia cafeeira"
"http://www.scielo.br/scielo.php?script=sci_arttext&pid=S0102-30982012000200004&lng=en&nrm=iso&tlng=pt";"Setores econômicos"
"http://www.scielo.br/scielo.php?script=sci_arttext&pid=S0102-30982012000200004&lng=en&nrm=iso&tlng=pt";"Crescimento econômico"
"http://www.scielo.br/scielo.php?script=sci_arttext&pid=S0102-30982011000100002&lng=en&nrm=iso&tlng=pt";"Nível socioeconômico"
"http://www.scielo.br/scielo.php?script=sci_arttext&pid=S0102-30982011000200010&lng=en&nrm=iso&tlng=pt";"Economia madeireira"
"http://www.scielo.br/scielo.php?script=sci_arttext&pid=S0102-30982010000100012&lng=en&nrm=iso&tlng=pt";"Efeitos socioeconômicos"
"http://www.scielo.br/scielo.php?script=sci_arttext&pid=S0102-30982010000200003&lng=en&nrm=iso&tlng=en";"Crescimento econômico"
"http://www.scielo.br/scielo.php?script=sci_arttext&pid=S0102-30982009000200004&lng=en&nrm=iso&tlng=pt";"Economia cafeeira"
"http://www.scielo.br/scielo.php?script=sci_arttext&pid=S0102-30982009000200008&lng=en&nrm=iso&tlng=pt";"Indicadores socioeconômicos"
"http://www.scielo.br/scielo.php?script=sci_arttext&pid=S0102-30982006000200006&lng=en&nrm=iso&tlng=pt";"Participação econômica"
"http://www.scielo.br/scielo.php?script=sci_arttext&pid=S0102-30982005000200007&lng=en&nrm=iso&tlng=pt";"Características socioeconômicas"
"http://www.scielo.br/scielo.php?script=sci_arttext&pid=S0102-30982005000200008&lng=en&nrm=iso&tlng=pt";"Crescimento econômico"
"http://www.scielo.br/scielo.php?script=sci_arttext&pid=S0102-30982005000200009&lng=en&nrm=iso&tlng=pt";"Zoneamento ecológico-econômico"
"http://www.scielo.br/scielo.php?script=sci_arttext&pid=S0104-026X2016000200617&lng=en&nrm=iso&tlng=pt";"economia"
"http://www.scielo.br/scielo.php?script=sci_arttext&pid=S0104-026X2016000200621&lng=en&nrm=iso&tlng=pt";"gênero e macroeconomia"
"http://www.scielo.br/scielo.php?script=sci_arttext&pid=S0104-026X2016000200645&lng=en&nrm=iso&tlng=pt";"economia"
"http://www.scielo.br/scielo.php?script=sci_arttext&pid=S0104-026X2010000200008&lng=en&nrm=iso&tlng=pt";"macroeconomia e gênero"
"http://www.scielo.br/scielo.php?script=sci_arttext&pid=S0104-026X2010000200015&lng=en&nrm=iso&tlng=pt";"economia feminista"
"http://www.scielo.br/scielo.php?script=sci_arttext&pid=S0104-026X2009000300017&lng=en&nrm=iso&tlng=pt";"desigualdade socioeconômica"
"http://www.scielo.br/scielo.php?script=sci_arttext&pid=S0104-026X2008000200004&lng=en&nrm=iso&tlng=pt";"Economia Feminista"
"http://www.scielo.br/scielo.php?script=sci_arttext&pid=S0104-026X2005000200003&lng=en&nrm=iso&tlng=pt";"poder econômico"
"http://www.scielo.br/scielo.php?script=sci_arttext&pid=S0101-47142012000100006&lng=en&nrm=iso&tlng=pt";"Agentes econômicos"
"http://www.scielo.br/scielo.php?script=sci_arttext&pid=S0101-47142009000200012&lng=en&nrm=iso&tlng=pt";"Economia Açucareira"
"http://www.scielo.br/scielo.php?script=sci_arttext&pid=S0101-47142006000100005&lng=en&nrm=iso&tlng=pt";"Economia cafeeria"
"http://www.scielo.br/scielo.php?script=sci_arttext&pid=S0101-47141997000100004&lng=en&nrm=iso&tlng=pt";"Racionalidade econômica"
"http://www.scielo.br/scielo.php?script=sci_arttext&pid=S1981-81222016000200363&lng=en&nrm=iso&tlng=pt";"Socioeconomia"
"http://www.scielo.br/scielo.php?script=sci_arttext&pid=S1981-81222013000200013&lng=en&nrm=iso&tlng=pt";"Economia política"
"http://www.scielo.br/scielo.php?script=sci_arttext&pid=S1981-81222010000100004&lng=en&nrm=iso&tlng=pt";"Economia rural"
"http://www.scielo.br/scielo.php?script=sci_arttext&pid=S1981-81222008000200007&lng=en&nrm=iso&tlng=pt";"Mudanças socioeconômicas"
"http://www.scielo.br/scielo.php?script=sci_arttext&pid=S0100-15742014000100003&lng=en&nrm=iso&tlng=en";"economia da educação"
"http://www.scielo.br/scielo.php?script=sci_arttext&pid=S0100-15742014000100003&lng=en&nrm=iso&tlng=pt";"economia da educação"
"http://www.scielo.br/scielo.php?script=sci_arttext&pid=S0103-21862011000100001&lng=en&nrm=iso&tlng=pt";"economia"
"http://www.scielo.br/scielo.php?script=sci_arttext&pid=S0103-21862011000100001&lng=en&nrm=iso&tlng=pt";"economia-mundo"
"http://www.scielo.br/scielo.php?script=sci_arttext&pid=S0103-21862010000100006&lng=en&nrm=iso&tlng=pt";"crescimento econômico"
"http://www.scielo.br/scielo.php?script=sci_arttext&pid=S0103-21862010000200006&lng=en&nrm=iso&tlng=pt";"economia"
"http://www.scielo.br/scielo.php?script=sci_arttext&pid=S1518-70122016000100033&lng=en&nrm=iso&tlng=pt";"Economia criativa"
"http://www.scielo.br/scielo.php?script=sci_arttext&pid=S1518-70122016000200300&lng=en&nrm=iso&tlng=pt";"desempenho econômico-financeiro"
"http://www.scielo.br/scielo.php?script=sci_arttext&pid=S1518-70122016000200327&lng=en&nrm=iso&tlng=pt";"zoneamento ecológico-econômico"
"http://www.scielo.br/scielo.php?script=sci_arttext&pid=S1518-70122015000100003&lng=en&nrm=iso&tlng=pt";"Economia criativa"
"http://www.scielo.br/scielo.php?script=sci_arttext&pid=S1518-70122015000200351&lng=en&nrm=iso&tlng=pt";"História Econômica"
"http://www.scielo.br/scielo.php?script=sci_arttext&pid=S1518-70122015000200365&lng=en&nrm=iso&tlng=pt";"Economia solidária"
"http://www.scielo.br/scielo.php?script=sci_arttext&pid=S1518-70122015000200385&lng=en&nrm=iso&tlng=pt";"Crescimento Econômico"
"http://www.scielo.br/scielo.php?script=sci_arttext&pid=S1518-70122015000200441&lng=en&nrm=iso&tlng=pt";"Economia"
"http://www.scielo.br/scielo.php?script=sci_arttext&pid=S1518-70122014000100013&lng=en&nrm=iso&tlng=pt";"Economia solidária"
"http://www.scielo.br/scielo.php?script=sci_arttext&pid=S1518-70122014000200011&lng=en&nrm=iso&tlng=pt";"Economia Solidária"
"http://www.scielo.br/scielo.php?script=sci_arttext&pid=S1518-70122013000100002&lng=en&nrm=iso&tlng=pt";"Desenvolvimento econômico"
"http://www.scielo.br/scielo.php?script=sci_arttext&pid=S1518-70122013000100008&lng=en&nrm=iso&tlng=pt";"Valoração econômica ambiental"
"http://www.scielo.br/scielo.php?script=sci_arttext&pid=S1518-70122013000200006&lng=en&nrm=iso&tlng=pt";"Alternativa econômica"
"http://www.scielo.br/scielo.php?script=sci_arttext&pid=S1518-70122013000200012&lng=en&nrm=iso&tlng=pt";"Desenvolvimento econômico local"
"http://www.scielo.br/scielo.php?script=sci_arttext&pid=S1518-70122012000100006&lng=en&nrm=iso&tlng=pt";"Economia solidária"
"http://www.scielo.br/scielo.php?script=sci_arttext&pid=S1518-70122010000200003&lng=en&nrm=iso&tlng=pt";"Desenvolvimento econômico"
"http://www.scielo.br/scielo.php?script=sci_arttext&pid=S1518-70122009000100003&lng=en&nrm=iso&tlng=pt";"Economia agrícola"
"http://www.scielo.br/scielo.php?script=sci_arttext&pid=S1518-70122008000100005&lng=en&nrm=iso&tlng=pt";"Economia urbana"
"http://www.scielo.br/scielo.php?script=sci_arttext&pid=S1518-70122007000200003&lng=en&nrm=iso&tlng=pt";"economia urbana"
"http://www.scielo.br/scielo.php?script=sci_arttext&pid=S1518-70122006000200005&lng=en&nrm=iso&tlng=fr";"economia social"
"http://www.scielo.br/scielo.php?script=sci_arttext&pid=S1518-70122006000200009&lng=en&nrm=iso&tlng=pt";"Gestão do desenvolvimento econômico local"
"http://www.scielo.br/scielo.php?script=sci_arttext&pid=S1414-32832006000100004&lng=en&nrm=iso&tlng=en";"economia da saúde"
"http://www.scielo.br/scielo.php?script=sci_arttext&pid=S1414-32832006000100004&lng=en&nrm=iso&tlng=pt";"economia da saúde"
"http://www.scielo.br/scielo.php?script=sci_arttext&pid=S0103-73312013000300014&lng=en&nrm=iso&tlng=pt";"modelos econométricos"
"http://www.scielo.br/scielo.php?script=sci_arttext&pid=S0103-73312012000100012&lng=en&nrm=iso&tlng=pt";"interesses econômicos"
"http://www.scielo.br/scielo.php?script=sci_arttext&pid=S0103-73312011000200005&lng=en&nrm=iso&tlng=pt";"economia em saúde"
"http://www.scielo.br/scielo.php?script=sci_arttext&pid=S0103-73312010000200013&lng=en&nrm=iso&tlng=pt";"Avaliação econômica"
"http://www.scielo.br/scielo.php?script=sci_arttext&pid=S0103-73312008000300003&lng=en&nrm=iso&tlng=pt";"status socioeconômico"
"http://www.scielo.br/scielo.php?script=sci_arttext&pid=S0103-73312008000300004&lng=en&nrm=iso&tlng=pt";"condições socioeconômicas"
"http://www.scielo.br/scielo.php?script=sci_arttext&pid=S0103-73312007000300007&lng=en&nrm=iso&tlng=pt";"economia política da saúde"
"http://www.scielo.br/scielo.php?script=sci_arttext&pid=S0103-73311996000100006&lng=en&nrm=iso&tlng=pt";"economia psíquica"
"http://www.scielo.br/scielo.php?script=sci_arttext&pid=S0103-73311996000100006&lng=en&nrm=iso&tlng=pt";"economia política"
"http://www.scielo.br/scielo.php?script=sci_arttext&pid=S0102-71822015000200372&lng=en&nrm=iso&tlng=pt";"economia solidária"
"http://www.scielo.br/scielo.php?script=sci_arttext&pid=S0102-71822015000300700&lng=en&nrm=iso&tlng=pt";"política pública, economia solidária"
"http://www.scielo.br/scielo.php?script=sci_arttext&pid=S0102-71822014000200017&lng=en&nrm=iso&tlng=pt";"socialização econômica"
"http://www.scielo.br/scielo.php?script=sci_arttext&pid=S0102-71822014000200017&lng=en&nrm=iso&tlng=pt";"alfabetização econômica"
"http://www.scielo.br/scielo.php?script=sci_arttext&pid=S0102-71822014000200024&lng=en&nrm=iso&tlng=pt";"economia solidária"
"http://www.scielo.br/scielo.php?script=sci_arttext&pid=S0102-71822014000300026&lng=en&nrm=iso&tlng=es";"sequestro extorsivo econômico"
"http://www.scielo.br/scielo.php?script=sci_arttext&pid=S0102-71822014000500002&lng=en&nrm=iso&tlng=pt";"economia solidária"
"http://www.scielo.br/scielo.php?script=sci_arttext&pid=S0102-71822011000300013&lng=en&nrm=iso&tlng=pt";"economia criativa"
"http://www.scielo.br/scielo.php?script=sci_arttext&pid=S0102-71822007000400011&lng=en&nrm=iso&tlng=pt";"autogestão; economia solidária"
"http://www.scielo.br/scielo.php?script=sci_arttext&pid=S0102-71822006000200008&lng=en&nrm=iso&tlng=pt";"economia solidária"
"http://www.scielo.br/scielo.php?script=sci_arttext&pid=S0102-71822005000100002&lng=en&nrm=iso&tlng=pt";"Economia solidária"
"http://www.scielo.br/scielo.php?script=sci_arttext&pid=S0102-71822005000200009&lng=en&nrm=iso&tlng=pt";"Economia solidária"
"http://www.scielo.br/scielo.php?script=sci_arttext&pid=S0102-71822005000200012&lng=en&nrm=iso&tlng=es";"Socialização econômica"
"http://www.scielo.br/scielo.php?script=sci_arttext&pid=S0102-71822005000200012&lng=en&nrm=iso&tlng=es";"Alfabetização econômica"
"http://www.scielo.br/scielo.php?script=sci_arttext&pid=S0102-71822004000300005&lng=en&nrm=iso&tlng=pt";"Economia Solidária"
"http://www.scielo.br/scielo.php?script=sci_arttext&pid=S0034-75902016000100055&lng=en&nrm=iso&tlng=pt";"classe socioeconômica"
"http://www.scielo.br/scielo.php?script=sci_arttext&pid=S0034-75902016000100055&lng=en&nrm=iso&tlng=pt";"status socioeconômico"
"http://www.scielo.br/scielo.php?script=sci_arttext&pid=S0034-75902016000100055&lng=en&nrm=iso&tlng=pt";"classificadores socioeconômicos"
"http://www.scielo.br/scielo.php?script=sci_arttext&pid=S0034-75902016000300288&lng=en&nrm=iso&tlng=es";"economia do esporte"
"http://www.scielo.br/scielo.php?script=sci_arttext&pid=S0034-75902015000100038&lng=en&nrm=iso&tlng=en";"Psicologia econômica"
"http://www.scielo.br/scielo.php?script=sci_arttext&pid=S0034-75902014000300003&lng=en&nrm=iso&tlng=en";"fatores macroeconômicos"
"http://www.scielo.br/scielo.php?script=sci_arttext&pid=S0034-75902014000300003&lng=en&nrm=iso&tlng=en";"crises econômicas"
"http://www.scielo.br/scielo.php?script=sci_arttext&pid=S0034-75902014000500548&lng=en&nrm=iso&tlng=pt";"resultado econômico"
"http://www.scielo.br/scielo.php?script=sci_arttext&pid=S0034-75902013000400005&lng=en&nrm=iso&tlng=pt";"economia política"
"http://www.scielo.br/scielo.php?script=sci_arttext&pid=S0034-75902012000400005&lng=en&nrm=iso&tlng=pt";"World Economic Forum"
"http://www.scielo.br/scielo.php?script=sci_arttext&pid=S0034-75902011000300005&lng=en&nrm=iso&tlng=en";"economia"
"http://www.scielo.br/scielo.php?script=sci_arttext&pid=S0034-75902011000300005&lng=en&nrm=iso&tlng=pt";"economia"
"http://www.scielo.br/scielo.php?script=sci_arttext&pid=S0034-75902011000400003&lng=en&nrm=iso&tlng=pt";"Organização para a Cooperação e Desenvolvimento Econômico (OCDE)"
"http://www.scielo.br/scielo.php?script=sci_arttext&pid=S0034-75902009000100003&lng=en&nrm=iso&tlng=pt";"Economia da cultura"
"http://www.scielo.br/scielo.php?script=sci_arttext&pid=S0034-75902009000100009&lng=en&nrm=iso&tlng=pt";"Econometria"
"http://www.scielo.br/scielo.php?script=sci_arttext&pid=S0034-75902009000400006&lng=en&nrm=iso&tlng=pt";"resultado econômico da saúde"
"http://www.scielo.br/scielo.php?script=sci_arttext&pid=S0034-75902009000400006&lng=en&nrm=iso&tlng=pt";"valor econômico agregado da saúde"
"http://www.scielo.br/scielo.php?script=sci_arttext&pid=S0034-75902008000200004&lng=en&nrm=iso&tlng=pt";"economia social"
"http://www.scielo.br/scielo.php?script=sci_arttext&pid=S0034-75902007000100002&lng=en&nrm=iso&tlng=pt";"economias emergentes"
"http://www.scielo.br/scielo.php?script=sci_arttext&pid=S0034-75902007000200003&lng=en&nrm=iso&tlng=pt";"sociologia econômica"
"http://www.scielo.br/scielo.php?script=sci_arttext&pid=S0034-75902007000200004&lng=en&nrm=iso&tlng=pt";"Sociologia econômica"
"http://www.scielo.br/scielo.php?script=sci_arttext&pid=S0034-75902007000200004&lng=en&nrm=iso&tlng=pt";"agentes econômicos"
"http://www.scielo.br/scielo.php?script=sci_arttext&pid=S0034-75902007000200005&lng=en&nrm=iso&tlng=pt";"Economia étnica"
"http://www.scielo.br/scielo.php?script=sci_arttext&pid=S0034-75902007000200005&lng=en&nrm=iso&tlng=pt";"sociologia econômica"
"http://www.scielo.br/scielo.php?script=sci_arttext&pid=S0034-75902007000200006&lng=en&nrm=iso&tlng=pt";"Nova sociologia econômica"
"http://www.scielo.br/scielo.php?script=sci_arttext&pid=S0034-75902007000200006&lng=en&nrm=iso&tlng=pt";"economia"
"http://www.scielo.br/scielo.php?script=sci_arttext&pid=S0034-75902007000300006&lng=en&nrm=iso&tlng=pt";"economia em desenvolvimento"
"http://www.scielo.br/scielo.php?script=sci_arttext&pid=S0034-75902006000200002&lng=en&nrm=iso&tlng=pt";"sociologia econômica"
"http://www.scielo.br/scielo.php?script=sci_arttext&pid=S0034-75902006000200002&lng=en&nrm=iso&tlng=pt";"desenvolvimento da sociologia econômica"
"http://www.scielo.br/scielo.php?script=sci_arttext&pid=S0034-75902006000300014&lng=en&nrm=iso&tlng=pt";"Economia política"
"http://www.scielo.br/scielo.php?script=sci_arttext&pid=S0034-75902005000500007&lng=en&nrm=iso&tlng=pt";"modelos econométricos"
"http://www.scielo.br/scielo.php?script=sci_arttext&pid=S0034-75902005000500008&lng=en&nrm=iso&tlng=pt";"economia da língua comum"
"http://www.scielo.br/scielo.php?script=sci_arttext&pid=S0034-75902005000500008&lng=en&nrm=iso&tlng=pt";"relações econômicas luso-brasileiras"
"http://www.scielo.br/scielo.php?script=sci_arttext&pid=S0034-75902004000200008&lng=en&nrm=iso&tlng=pt";"capital econômico"
"http://www.scielo.br/scielo.php?script=sci_arttext&pid=S0034-75902004000500005&lng=en&nrm=iso&tlng=pt";"economias associativas"
"http://www.scielo.br/scielo.php?script=sci_arttext&pid=S0034-75902001000100004&lng=en&nrm=iso&tlng=pt";"Engenharia Econômica"
"http://www.scielo.br/scielo.php?script=sci_arttext&pid=S0034-75902001000200006&lng=en&nrm=iso&tlng=pt";"economia do conhecimento"
"http://www.scielo.br/scielo.php?script=sci_arttext&pid=S0034-75902000000100008&lng=en&nrm=iso&tlng=pt";"Avaliação econômica de projetos"
"http://www.scielo.br/scielo.php?script=sci_arttext&pid=S0034-75901999000200005&lng=en&nrm=iso&tlng=en";"Economias emergentes"
"http://www.scielo.br/scielo.php?script=sci_arttext&pid=S0034-75901999000200005&lng=en&nrm=iso&tlng=en";"desenvolvimento econômico da América Latina"
"http://www.scielo.br/scielo.php?script=sci_arttext&pid=S0034-75901999000300004&lng=en&nrm=iso&tlng=en";"economia política"
"http://www.scielo.br/scielo.php?script=sci_arttext&pid=S0034-75901997000100006&lng=en&nrm=iso&tlng=pt";"economias de escala"
"http://www.scielo.br/scielo.php?script=sci_arttext&pid=S0034-75901996000200005&lng=en&nrm=iso&tlng=pt";"grupos econômicos"
"http://www.scielo.br/scielo.php?script=sci_arttext&pid=S0034-75901996000300005&lng=en&nrm=iso&tlng=pt";"economia constitucional"
"http://www.scielo.br/scielo.php?script=sci_arttext&pid=S0034-75901996000300005&lng=en&nrm=iso&tlng=pt";"economia institucional"
"http://www.scielo.br/scielo.php?script=sci_arttext&pid=S0034-75901996000400005&lng=en&nrm=iso&tlng=pt";"economia constitucional"
"http://www.scielo.br/scielo.php?script=sci_arttext&pid=S0034-75901996000400005&lng=en&nrm=iso&tlng=pt";"economia institucional"
"http://www.scielo.br/scielo.php?script=sci_arttext&pid=S0034-75901995000200006&lng=en&nrm=iso&tlng=pt";"economia de empresas"
"http://www.scielo.br/scielo.php?script=sci_arttext&pid=S0034-75901995000400003&lng=en&nrm=iso&tlng=pt";"economia de escala"
"http://www.scielo.br/scielo.php?script=sci_arttext&pid=S0034-75901995000500009&lng=en&nrm=iso&tlng=pt";"instrumentos econômicos"
"http://www.scielo.br/scielo.php?script=sci_arttext&pid=S0034-75901995000500009&lng=en&nrm=iso&tlng=pt";"economia de empresas"
"http://www.scielo.br/scielo.php?script=sci_arttext&pid=S0034-75901994000500010&lng=en&nrm=iso&tlng=pt";"Economia global"
"http://www.scielo.br/scielo.php?script=sci_arttext&pid=S0034-75901993000200010&lng=en&nrm=iso&tlng=pt";"economias soviéticas"
"http://www.scielo.br/scielo.php?script=sci_arttext&pid=S0034-75901993000200011&lng=en&nrm=iso&tlng=pt";"Economia internacional"
"http://www.scielo.br/scielo.php?script=sci_arttext&pid=S0034-75901993000200011&lng=en&nrm=iso&tlng=pt";"desenvolvimento econômico"
"http://www.scielo.br/scielo.php?script=sci_arttext&pid=S0034-75901993000300004&lng=en&nrm=iso&tlng=pt";"Economia da Saúde"
"http://www.scielo.br/scielo.php?script=sci_arttext&pid=S0034-75901993000500006&lng=en&nrm=iso&tlng=pt";"instrumentos econômicos de política ambiental"
"http://www.scielo.br/scielo.php?script=sci_arttext&pid=S0034-75901993000500008&lng=en&nrm=iso&tlng=pt";"economia política japonesa"
"http://www.scielo.br/scielo.php?script=sci_arttext&pid=S0034-75901993000500008&lng=en&nrm=iso&tlng=pt";"teoria do desenvolvimento econômico"
"http://www.scielo.br/scielo.php?script=sci_arttext&pid=S0034-75901993000600004&lng=en&nrm=iso&tlng=pt";"desenvolvimento econômico"
"http://www.scielo.br/scielo.php?script=sci_arttext&pid=S0034-75901993000600004&lng=en&nrm=iso&tlng=pt";"economia informal"
"http://www.scielo.br/scielo.php?script=sci_arttext&pid=S0034-75901992000200006&lng=en&nrm=iso&tlng=pt";"eficiência econômica"
"http://www.scielo.br/scielo.php?script=sci_arttext&pid=S0034-75901992000200008&lng=en&nrm=iso&tlng=pt";"crescimento econômico"
"http://www.scielo.br/scielo.php?script=sci_arttext&pid=S0034-75901992000300006&lng=en&nrm=iso&tlng=pt";"lote econômico de compras"
"http://www.scielo.br/scielo.php?script=sci_arttext&pid=S0103-33522014000200227&lng=en&nrm=iso&tlng=pt";"elite econômica"
"http://www.scielo.br/scielo.php?script=sci_arttext&pid=S0103-33522013000100002&lng=en&nrm=iso&tlng=pt";"economia solidária"
"http://www.scielo.br/scielo.php?script=sci_arttext&pid=S0103-33522011000100014&lng=en&nrm=iso&tlng=pt";"conjunturas políticas e econômicas"
"http://www.scielo.br/scielo.php?script=sci_arttext&pid=S1413-24782014000100005&lng=en&nrm=iso&tlng=pt";"pensamento econômico"
"http://www.scielo.br/scielo.php?script=sci_arttext&pid=S1413-24782012000200005&lng=en&nrm=iso&tlng=pt";"classe socioeconômico"
"http://www.scielo.br/scielo.php?script=sci_arttext&pid=S1413-24782011000300003&lng=en&nrm=iso&tlng=pt";"fatores socioeconômicos"
"http://www.scielo.br/scielo.php?script=sci_arttext&pid=S1413-24782006000100007&lng=en&nrm=iso&tlng=pt";"economia"
"http://www.scielo.br/scielo.php?script=sci_arttext&pid=S1413-24782003000100006&lng=en&nrm=iso&tlng=pt";"desenvolvimento econômico"
"http://www.scielo.br/scielo.php?script=sci_arttext&pid=S0103-20032016000100009&lng=en&nrm=iso&tlng=pt";"Medidas de resultado econômico"
"http://www.scielo.br/scielo.php?script=sci_arttext&pid=S0103-20032016000100051&lng=en&nrm=iso&tlng=pt";"Economias de escala"
"http://www.scielo.br/scielo.php?script=sci_arttext&pid=S0103-20032016000200243&lng=en&nrm=iso&tlng=pt";"Viabilidade econômica"
"http://www.scielo.br/scielo.php?script=sci_arttext&pid=S0103-20032016000200281&lng=en&nrm=iso&tlng=en";"Modelagem econômica"
"http://www.scielo.br/scielo.php?script=sci_arttext&pid=S0103-20032016000300483&lng=en&nrm=iso&tlng=pt";"Sociologia econômica"
"http://www.scielo.br/scielo.php?script=sci_arttext&pid=S0103-20032015000200229&lng=en&nrm=iso&tlng=pt";"Impactos econômicos"
"http://www.scielo.br/scielo.php?script=sci_arttext&pid=S0103-20032015000300377&lng=en&nrm=iso&tlng=pt";"Viabilidade econômica"
"http://www.scielo.br/scielo.php?script=sci_arttext&pid=S0103-20032015000300497&lng=en&nrm=iso&tlng=pt";"Crescimento econômico."
"http://www.scielo.br/scielo.php?script=sci_arttext&pid=S0103-20032015000400627&lng=en&nrm=iso&tlng=pt";"Crescimento econômico"
"http://www.scielo.br/scielo.php?script=sci_arttext&pid=S0103-20032015000400645&lng=en&nrm=iso&tlng=pt";"Econometria espacial"
"http://www.scielo.br/scielo.php?script=sci_arttext&pid=S0103-20032014000300004&lng=en&nrm=iso&tlng=pt";"economia evolucionária"
"http://www.scielo.br/scielo.php?script=sci_arttext&pid=S0103-20032014000300004&lng=en&nrm=iso&tlng=pt";"economia rural"
"http://www.scielo.br/scielo.php?script=sci_arttext&pid=S0103-20032014000600003&lng=en&nrm=iso&tlng=pt";"pensamento econômico"
"http://www.scielo.br/scielo.php?script=sci_arttext&pid=S0103-20032013000400008&lng=en&nrm=iso&tlng=pt";"Econometria de painel"
"http://www.scielo.br/scielo.php?script=sci_arttext&pid=S0103-20032012000100007&lng=en&nrm=iso&tlng=pt";"desenvolvimento econômico"
"http://www.scielo.br/scielo.php?script=sci_arttext&pid=S0103-20032012000200004&lng=en&nrm=iso&tlng=pt";"fatores econômicos"
"http://www.scielo.br/scielo.php?script=sci_arttext&pid=S0103-20032012000200008&lng=en&nrm=iso&tlng=pt";"especialização econômica"
"http://www.scielo.br/scielo.php?script=sci_arttext&pid=S0103-20032012000200008&lng=en&nrm=iso&tlng=pt";"econometria espacial"
"http://www.scielo.br/scielo.php?script=sci_arttext&pid=S0103-20032012000300005&lng=en&nrm=iso&tlng=pt";"determinantes socioeconômicos"
"http://www.scielo.br/scielo.php?script=sci_arttext&pid=S0103-20032012000300006&lng=en&nrm=iso&tlng=pt";"retorno econômico"
"http://www.scielo.br/scielo.php?script=sci_arttext&pid=S0103-20032012000300008&lng=en&nrm=iso&tlng=pt";"Economia institucional"
"http://www.scielo.br/scielo.php?script=sci_arttext&pid=S0103-20032012000400003&lng=en&nrm=iso&tlng=pt";"desenvolvimento econômico"
"http://www.scielo.br/scielo.php?script=sci_arttext&pid=S0103-20032012000400009&lng=en&nrm=iso&tlng=pt";"desempenho econômico urbano"
"http://www.scielo.br/scielo.php?script=sci_arttext&pid=S0103-20032011000100004&lng=en&nrm=iso&tlng=pt";"impactos econômicos"
"http://www.scielo.br/scielo.php?script=sci_arttext&pid=S0103-20032011000100009&lng=en&nrm=iso&tlng=pt";"determinantes econômicos"
"http://www.scielo.br/scielo.php?script=sci_arttext&pid=S0103-20032011000200001&lng=en&nrm=iso&tlng=pt";"Economia dos Custos de Transação"
"http://www.scielo.br/scielo.php?script=sci_arttext&pid=S0103-20032011000200001&lng=en&nrm=iso&tlng=pt";"nova economia das instituições"
"http://www.scielo.br/scielo.php?script=sci_arttext&pid=S0103-20032011000300008&lng=en&nrm=iso&tlng=pt";"Econometria espacial"
"http://www.scielo.br/scielo.php?script=sci_arttext&pid=S0103-20032011000400006&lng=en&nrm=iso&tlng=pt";"Viabilidade econômico-financeira"
"http://www.scielo.br/scielo.php?script=sci_arttext&pid=S0103-20032011000400010&lng=en&nrm=iso&tlng=pt";"Avaliação de impactos econômicos"
"http://www.scielo.br/scielo.php?script=sci_arttext&pid=S0103-20032010000100005&lng=en&nrm=iso&tlng=en";"desenvolvimento econômico"
"http://www.scielo.br/scielo.php?script=sci_arttext&pid=S0103-20032010000100006&lng=en&nrm=iso&tlng=pt";"econômico de Marshall"
"http://www.scielo.br/scielo.php?script=sci_arttext&pid=S0103-20032010000300003&lng=en&nrm=iso&tlng=pt";"impacto econômico"
"http://www.scielo.br/scielo.php?script=sci_arttext&pid=S0103-20032010000400006&lng=en&nrm=iso&tlng=pt";"valoração econômica"
"http://www.scielo.br/scielo.php?script=sci_arttext&pid=S0103-20032010000400008&lng=en&nrm=iso&tlng=pt";"economia neoinstitucional"
"http://www.scielo.br/scielo.php?script=sci_arttext&pid=S0103-20032009000100007&lng=en&nrm=iso&tlng=pt";"Nova Economia Institucional"
"http://www.scielo.br/scielo.php?script=sci_arttext&pid=S0103-20032009000100010&lng=en&nrm=iso&tlng=pt";"sociologia econômica"
"http://www.scielo.br/scielo.php?script=sci_arttext&pid=S0103-20032009000300002&lng=en&nrm=iso&tlng=pt";"crescimento econômico local"
"http://www.scielo.br/scielo.php?script=sci_arttext&pid=S0103-20032009000300002&lng=en&nrm=iso&tlng=pt";"economia industrial"
"http://www.scielo.br/scielo.php?script=sci_arttext&pid=S0103-20032009000300002&lng=en&nrm=iso&tlng=pt";"economia urbana"
"http://www.scielo.br/scielo.php?script=sci_arttext&pid=S0103-20032009000300005&lng=en&nrm=iso&tlng=pt";"modelo econométrico"
"http://www.scielo.br/scielo.php?script=sci_arttext&pid=S0103-20032009000300010&lng=en&nrm=iso&tlng=pt";"economia institucional"
"http://www.scielo.br/scielo.php?script=sci_arttext&pid=S0103-20032009000400003&lng=en&nrm=iso&tlng=pt";"macroeconomia do desenvolvimento local"
"http://www.scielo.br/scielo.php?script=sci_arttext&pid=S0103-20032009000400003&lng=en&nrm=iso&tlng=pt";"economia de municípios rurais"
"http://www.scielo.br/scielo.php?script=sci_arttext&pid=S0103-20032009000400006&lng=en&nrm=iso&tlng=pt";"crescimento econômico"
"http://www.scielo.br/scielo.php?script=sci_arttext&pid=S0103-20032008000100002&lng=en&nrm=iso&tlng=pt";"econometria espacial"
"http://www.scielo.br/scielo.php?script=sci_arttext&pid=S0103-20032008000200004&lng=en&nrm=iso&tlng=pt";"modelo econométrico"
"http://www.scielo.br/scielo.php?script=sci_arttext&pid=S0103-20032008000200007&lng=en&nrm=iso&tlng=pt";"Economia dos custos de transação"
"http://www.scielo.br/scielo.php?script=sci_arttext&pid=S0103-20032008000300003&lng=en&nrm=iso&tlng=pt";"economia regional"
"http://www.scielo.br/scielo.php?script=sci_arttext&pid=S0103-20032008000300006&lng=en&nrm=iso&tlng=pt";"Benefícios econômicos"
"http://www.scielo.br/scielo.php?script=sci_arttext&pid=S0103-20032008000300009&lng=en&nrm=iso&tlng=pt";"economia política"
"http://www.scielo.br/scielo.php?script=sci_arttext&pid=S0103-20032008000300009&lng=en&nrm=iso&tlng=pt";"economia regional"
"http://www.scielo.br/scielo.php?script=sci_arttext&pid=S0103-20032008000300010&lng=en&nrm=iso&tlng=pt";"Economia dos Custos de Transação"
"http://www.scielo.br/scielo.php?script=sci_arttext&pid=S0103-20032008000400001&lng=en&nrm=iso&tlng=pt";"crescimento econômico"
"http://www.scielo.br/scielo.php?script=sci_arttext&pid=S0103-20032008000400002&lng=en&nrm=iso&tlng=pt";"economia internacional"
"http://www.scielo.br/scielo.php?script=sci_arttext&pid=S0103-20032008000400002&lng=en&nrm=iso&tlng=pt";"integração econômica"
"http://www.scielo.br/scielo.php?script=sci_arttext&pid=S0103-20032007000200004&lng=en&nrm=iso&tlng=pt";"economia agrícola"
"http://www.scielo.br/scielo.php?script=sci_arttext&pid=S0103-20032007000300002&lng=en&nrm=iso&tlng=pt";"economias de escala"
"http://www.scielo.br/scielo.php?script=sci_arttext&pid=S0103-20032007000300003&lng=en&nrm=iso&tlng=pt";"Economias de escala"
"http://www.scielo.br/scielo.php?script=sci_arttext&pid=S0103-20032007000400007&lng=en&nrm=iso&tlng=pt";"Avaliação Econômica"
"http://www.scielo.br/scielo.php?script=sci_arttext&pid=S0103-20032006000300009&lng=en&nrm=iso&tlng=pt";"fatores socioeconômicos"
"http://www.scielo.br/scielo.php?script=sci_arttext&pid=S0103-20032006000400004&lng=en&nrm=iso&tlng=pt";"Desempenho Econômico"
"http://www.scielo.br/scielo.php?script=sci_arttext&pid=S0103-20032006000400009&lng=en&nrm=iso&tlng=pt";"Análise econômica"
"http://www.scielo.br/scielo.php?script=sci_arttext&pid=S0103-20032005000300004&lng=en&nrm=iso&tlng=pt";"Economias de Escala"
"http://www.scielo.br/scielo.php?script=sci_arttext&pid=S0103-20032005000300008&lng=en&nrm=iso&tlng=pt";"desenvolvimento econômico"
"http://www.scielo.br/scielo.php?script=sci_arttext&pid=S0103-20032004000100007&lng=en&nrm=iso&tlng=pt";"socioeconomia ribeirinha"
"http://www.scielo.br/scielo.php?script=sci_arttext&pid=S0103-20032004000200002&lng=en&nrm=iso&tlng=en";"eficiência econômica"
"http://www.scielo.br/scielo.php?script=sci_arttext&pid=S0103-20032004000200004&lng=en&nrm=iso&tlng=pt";"análise econômica"
"http://www.scielo.br/scielo.php?script=sci_arttext&pid=S0103-20032004000200004&lng=en&nrm=iso&tlng=pt";"economia regional"
"http://www.scielo.br/scielo.php?script=sci_arttext&pid=S0103-20032004000200007&lng=en&nrm=iso&tlng=pt";"indicadores sócio-econômicos"
"http://www.scielo.br/scielo.php?script=sci_arttext&pid=S0103-20032004000200009&lng=en&nrm=iso&tlng=pt";"socioeconômico"
"http://www.scielo.br/scielo.php?script=sci_arttext&pid=S0103-20032004000300006&lng=en&nrm=iso&tlng=pt";"projeções econômicas"
"http://www.scielo.br/scielo.php?script=sci_arttext&pid=S0103-20032004000300006&lng=en&nrm=iso&tlng=pt";"econometria espacial"
"http://www.scielo.br/scielo.php?script=sci_arttext&pid=S0103-20032004000400005&lng=en&nrm=iso&tlng=pt";"desenvolvimento econômico regional"
"http://www.scielo.br/scielo.php?script=sci_arttext&pid=S0103-20032004000400005&lng=en&nrm=iso&tlng=pt";"viabilidade econômica e risco"
"http://www.scielo.br/scielo.php?script=sci_arttext&pid=S0103-20032003000300005&lng=en&nrm=iso&tlng=pt";"modelo econômico"
"http://www.scielo.br/scielo.php?script=sci_arttext&pid=S0103-20032003000300005&lng=en&nrm=iso&tlng=pt";"economia rural"
"http://www.scielo.br/scielo.php?script=sci_arttext&pid=S0103-20032003000400003&lng=en&nrm=iso&tlng=en";"Custos de transação e econômicos"
"http://www.scielo.br/scielo.php?script=sci_arttext&pid=S0103-20032003000400003&lng=en&nrm=iso&tlng=pt";"Custos de transação e econômicos"
"http://www.scielo.br/scielo.php?script=sci_arttext&pid=S0103-20032003000400004&lng=en&nrm=iso&tlng=en";"Estabilização macroeconômica"
"http://www.scielo.br/scielo.php?script=sci_arttext&pid=S0103-20032003000400004&lng=en&nrm=iso&tlng=pt";"Estabilização macroeconômica"
"http://www.scielo.br/scielo.php?script=sci_arttext&pid=S0103-20032002000400005&lng=en&nrm=iso&tlng=en";"avaliação socioeconômica"
"http://www.scielo.br/scielo.php?script=sci_arttext&pid=S0103-20032002000400005&lng=en&nrm=iso&tlng=pt";"avaliação socioeconômica"
"http://www.scielo.br/scielo.php?script=sci_arttext&pid=S0101-31572016000100091&lng=en&nrm=iso&tlng=en";"desenvolvimento nas economias da América Latina"
"http://www.scielo.br/scielo.php?script=sci_arttext&pid=S0101-31572016000100091&lng=en&nrm=iso&tlng=en";"economia brasileira"
"http://www.scielo.br/scielo.php?script=sci_arttext&pid=S0101-31572016000100109&lng=en&nrm=iso&tlng=en";"economia brasileira"
"http://www.scielo.br/scielo.php?script=sci_arttext&pid=S0101-31572016000100130&lng=en&nrm=iso&tlng=pt";"Economia monetária"
"http://www.scielo.br/scielo.php?script=sci_arttext&pid=S0101-31572016000100150&lng=en&nrm=iso&tlng=en";"dinâmica econômica estrutural"
"http://www.scielo.br/scielo.php?script=sci_arttext&pid=S0101-31572016000100168&lng=en&nrm=iso&tlng=en";"economia criativa"
"http://www.scielo.br/scielo.php?script=sci_arttext&pid=S0101-31572016000200237&lng=en&nrm=iso&tlng=pt";"macroeconomia do desenvolvimento"
"http://www.scielo.br/scielo.php?script=sci_arttext&pid=S0101-31572016000200266&lng=en&nrm=iso&tlng=en";"política macroeconômica"
"http://www.scielo.br/scielo.php?script=sci_arttext&pid=S0101-31572016000200353&lng=en&nrm=iso&tlng=pt";"economia política"
"http://www.scielo.br/scielo.php?script=sci_arttext&pid=S0101-31572016000200372&lng=en&nrm=iso&tlng=pt";"história econômica"
"http://www.scielo.br/scielo.php?script=sci_arttext&pid=S0101-31572016000200372&lng=en&nrm=iso&tlng=pt";"desenvolvimento econômico"
"http://www.scielo.br/scielo.php?script=sci_arttext&pid=S0101-31572016000200372&lng=en&nrm=iso&tlng=pt";"planejamento econômico"
"http://www.scielo.br/scielo.php?script=sci_arttext&pid=S0101-31572016000200372&lng=en&nrm=iso&tlng=pt";"História do Pensamento Econômico"
"http://www.scielo.br/scielo.php?script=sci_arttext&pid=S0101-31572016000300493&lng=en&nrm=iso&tlng=pt";"convergência econômica"
"http://www.scielo.br/scielo.php?script=sci_arttext&pid=S0101-31572016000300493&lng=en&nrm=iso&tlng=pt";"regime macroeconômico"
"http://www.scielo.br/scielo.php?script=sci_arttext&pid=S0101-31572015000100003&lng=en&nrm=iso&tlng=en";"dilemas da política econômica"
"http://www.scielo.br/scielo.php?script=sci_arttext&pid=S0101-31572015000100043&lng=en&nrm=iso&tlng=pt";"desenvolvimento econômico"
"http://www.scielo.br/scielo.php?script=sci_arttext&pid=S0101-31572015000100095&lng=en&nrm=iso&tlng=en";"Política econômica"
"http://www.scielo.br/scielo.php?script=sci_arttext&pid=S0101-31572015000100175&lng=en&nrm=iso&tlng=en";"economias nacionais"
"http://www.scielo.br/scielo.php?script=sci_arttext&pid=S0101-31572015000100175&lng=en&nrm=iso&tlng=en";"economia global"
"http://www.scielo.br/scielo.php?script=sci_arttext&pid=S0101-31572015000200203&lng=en&nrm=iso&tlng=en";"estrutura meta-econômica"
"http://www.scielo.br/scielo.php?script=sci_arttext&pid=S0101-31572015000200247&lng=en&nrm=iso&tlng=en";"restrições e desenvolvimento econômico"
"http://www.scielo.br/scielo.php?script=sci_arttext&pid=S0101-31572015000200285&lng=en&nrm=iso&tlng=en";"economias de mercado emergentes"
"http://www.scielo.br/scielo.php?script=sci_arttext&pid=S0101-31572015000200325&lng=en&nrm=iso&tlng=en";"crise econômica"
"http://www.scielo.br/scielo.php?script=sci_arttext&pid=S0101-31572015000200360&lng=en&nrm=iso&tlng=pt";"filosofia social e econômica"
"http://www.scielo.br/scielo.php?script=sci_arttext&pid=S0101-31572015000300388&lng=en&nrm=iso&tlng=en";"economia de mercado"
"http://www.scielo.br/scielo.php?script=sci_arttext&pid=S0101-31572015000300388&lng=en&nrm=iso&tlng=en";"políticas macroeconômicas"
"http://www.scielo.br/scielo.php?script=sci_arttext&pid=S0101-31572015000300388&lng=en&nrm=iso&tlng=en";"economias abertas"
"http://www.scielo.br/scielo.php?script=sci_arttext&pid=S0101-31572015000300403&lng=en&nrm=iso&tlng=pt";"política macroeconômica"
"http://www.scielo.br/scielo.php?script=sci_arttext&pid=S0101-31572015000300426&lng=en&nrm=iso&tlng=pt";"crescimento econômico"
"http://www.scielo.br/scielo.php?script=sci_arttext&pid=S0101-31572015000300557&lng=en&nrm=iso&tlng=en";"a economia política da energia"
"http://www.scielo.br/scielo.php?script=sci_arttext&pid=S0101-31572015000300601&lng=en&nrm=iso&tlng=en";"economia política"
"http://www.scielo.br/scielo.php?script=sci_arttext&pid=S0101-31572015000400683&lng=en&nrm=iso&tlng=en";"desenvolvimento econômico"
"http://www.scielo.br/scielo.php?script=sci_arttext&pid=S0101-31572015000400780&lng=en&nrm=iso&tlng=pt";"epistemologia econômica"
"http://www.scielo.br/scielo.php?script=sci_arttext&pid=S0101-31572015000400780&lng=en&nrm=iso&tlng=pt";"economia neoclássica"
"http://www.scielo.br/scielo.php?script=sci_arttext&pid=S0101-31572015000400799&lng=en&nrm=iso&tlng=en";"desenvolvimento econômico"
"http://www.scielo.br/scielo.php?script=sci_arttext&pid=S0101-31572007000100006&lng=en&nrm=iso&tlng=pt";"liberalismo econômico"
"http://www.scielo.br/scielo.php?script=sci_arttext&pid=S0104-44782015000200109&lng=en&nrm=iso&tlng=pt";"econometria espacial"
"http://www.scielo.br/scielo.php?script=sci_arttext&pid=S0104-44782015000400003&lng=en&nrm=iso&tlng=pt";"Conselho de Desenvolvimento Econômico e Social"
"http://www.scielo.br/scielo.php?script=sci_arttext&pid=S0104-44782014000200003&lng=en&nrm=iso&tlng=pt";"crise econômicofinanceira"
"http://www.scielo.br/scielo.php?script=sci_arttext&pid=S0104-44782014000200006&lng=en&nrm=iso&tlng=pt";"crescimento econômico"
"http://www.scielo.br/scielo.php?script=sci_arttext&pid=S0104-44782014000200010&lng=en&nrm=iso&tlng=pt";"voto econômico"
"http://www.scielo.br/scielo.php?script=sci_arttext&pid=S0104-44782014000300004&lng=en&nrm=iso&tlng=pt";"economia política"
"http://www.scielo.br/scielo.php?script=sci_arttext&pid=S0104-44782014000300006&lng=en&nrm=iso&tlng=pt";"economia institucional"
"http://www.scielo.br/scielo.php?script=sci_arttext&pid=S0104-44782014000400004&lng=en&nrm=iso&tlng=pt";"elite econômica"
"http://www.scielo.br/scielo.php?script=sci_arttext&pid=S0104-44782013000200010&lng=en&nrm=iso&tlng=pt";"economia solidária"
"http://www.scielo.br/scielo.php?script=sci_arttext&pid=S0104-44782013000300003&lng=en&nrm=iso&tlng=pt";"liberalismo econômico"
"http://www.scielo.br/scielo.php?script=sci_arttext&pid=S0104-44782013000300005&lng=en&nrm=iso&tlng=pt";"elite econômica brasileira"
"http://www.scielo.br/scielo.php?script=sci_arttext&pid=S0104-44782013000300010&lng=en&nrm=iso&tlng=pt";"Economia Política brasileira"
"http://www.scielo.br/scielo.php?script=sci_arttext&pid=S0104-44782012000100011&lng=en&nrm=iso&tlng=pt";"economistas"
"http://www.scielo.br/scielo.php?script=sci_arttext&pid=S0104-44782012000200009&lng=en&nrm=iso&tlng=fr";"Sociologia Econômica"
"http://www.scielo.br/scielo.php?script=sci_arttext&pid=S0104-44782012000200009&lng=en&nrm=iso&tlng=pt";"Sociologia Econômica"
"http://www.scielo.br/scielo.php?script=sci_arttext&pid=S0104-44782012000400009&lng=en&nrm=iso&tlng=pt";"Economia Política"
"http://www.scielo.br/scielo.php?script=sci_arttext&pid=S0104-44782011000100004&lng=en&nrm=iso&tlng=pt";"desenvolvimento econômico"
"http://www.scielo.br/scielo.php?script=sci_arttext&pid=S0104-44782011000400004&lng=en&nrm=iso&tlng=pt";"relações econômico-comerciais"
"http://www.scielo.br/scielo.php?script=sci_arttext&pid=S0104-44782011000400005&lng=en&nrm=iso&tlng=pt";"economia continental"
"http://www.scielo.br/scielo.php?script=sci_arttext&pid=S0104-44782010000100009&lng=en&nrm=iso&tlng=pt";"desempenho econômico"
"http://www.scielo.br/scielo.php?script=sci_arttext&pid=S0104-44782010000100010&lng=en&nrm=iso&tlng=pt";"economia política da saúde"
"http://www.scielo.br/scielo.php?script=sci_arttext&pid=S0104-44782010000200014&lng=en&nrm=iso&tlng=pt";"política macroeconômica"
"http://www.scielo.br/scielo.php?script=sci_arttext&pid=S0104-44782010000200014&lng=en&nrm=iso&tlng=pt";"ordem econômica mundial"
"http://www.scielo.br/scielo.php?script=sci_arttext&pid=S0104-44782010000300014&lng=en&nrm=iso&tlng=pt";"interesses econômicos"
"http://www.scielo.br/scielo.php?script=sci_arttext&pid=S0104-44782009000100005&lng=en&nrm=iso&tlng=pt";"economicismo"
"http://www.scielo.br/scielo.php?script=sci_arttext&pid=S0104-44782009000200004&lng=en&nrm=iso&tlng=pt";"política econômica comparada"
"http://www.scielo.br/scielo.php?script=sci_arttext&pid=S0104-44782009000200007&lng=en&nrm=iso&tlng=pt";"Economia Política internacional"
"http://www.scielo.br/scielo.php?script=sci_arttext&pid=S0104-44782008000200005&lng=en&nrm=iso&tlng=pt";"Sociologia Econômica"
"http://www.scielo.br/scielo.php?script=sci_arttext&pid=S0104-44782008000200007&lng=en&nrm=iso&tlng=pt";"Sociologia Econômica"
"http://www.scielo.br/scielo.php?script=sci_arttext&pid=S0104-44782007000200005&lng=en&nrm=iso&tlng=pt";"Economia Política Internacional"
"http://www.scielo.br/scielo.php?script=sci_arttext&pid=S0104-44782003000100008&lng=en&nrm=iso&tlng=pt";"agenda econômica internacional"
"http://www.scielo.br/scielo.php?script=sci_arttext&pid=S0104-44782002000200003&lng=en&nrm=iso&tlng=pt";"crise econômico-social"
"http://www.scielo.br/scielo.php?script=sci_arttext&pid=S0104-44782001000200007&lng=en&nrm=iso&tlng=pt";"economia"
"http://www.scielo.br/scielo.php?script=sci_arttext&pid=S0104-44782001000200010&lng=en&nrm=iso&tlng=pt";"economia"
"http://www.scielo.br/scielo.php?script=sci_arttext&pid=S0104-44782000000100003&lng=en&nrm=iso&tlng=pt";"economia política internacional"
"http://www.scielo.br/scielo.php?script=sci_arttext&pid=S0104-44782000000100004&lng=en&nrm=iso&tlng=es";"economia brasileira"
"http://www.scielo.br/scielo.php?script=sci_arttext&pid=S0104-44782000000100004&lng=en&nrm=iso&tlng=es";"economia argentina"
"http://www.scielo.br/scielo.php?script=sci_arttext&pid=S0104-44782000000100005&lng=en&nrm=iso&tlng=pt";"planejamento econômico"
"http://www.scielo.br/scielo.php?script=sci_arttext&pid=S0104-44782000000100006&lng=en&nrm=iso&tlng=pt";"economia do Rio Grande do Sul"
"http://www.scielo.br/scielo.php?script=sci_arttext&pid=S1414-49802013000200011&lng=en&nrm=iso&tlng=pt";"Organização socioeconômica"
"http://www.scielo.br/scielo.php?script=sci_arttext&pid=S1414-49802011000100002&lng=en&nrm=iso&tlng=es";"Economia social"
"http://www.scielo.br/scielo.php?script=sci_arttext&pid=S1414-49802011000100009&lng=en&nrm=iso&tlng=pt";"Crítica da economia política"
"http://www.scielo.br/scielo.php?script=sci_arttext&pid=S1414-49802009000100008&lng=en&nrm=iso&tlng=pt";"economia solidária"
"http://www.scielo.br/scielo.php?script=sci_arttext&pid=S1414-49802008000100003&lng=en&nrm=iso&tlng=pt";"economia"
"http://www.scielo.br/scielo.php?script=sci_arttext&pid=S1414-49802008000100003&lng=en&nrm=iso&tlng=pt";"socioeconomia"
"http://www.scielo.br/scielo.php?script=sci_arttext&pid=S1414-49802008000100003&lng=en&nrm=iso&tlng=fr";"economia"
"http://www.scielo.br/scielo.php?script=sci_arttext&pid=S1414-49802008000100003&lng=en&nrm=iso&tlng=fr";"socioeconomia"
"http://www.scielo.br/scielo.php?script=sci_arttext&pid=S1414-49802008000100004&lng=en&nrm=iso&tlng=pt";"economia solidária"
"http://www.scielo.br/scielo.php?script=sci_arttext&pid=S1414-49802008000100005&lng=en&nrm=iso&tlng=pt";"economia solidária"
"http://www.scielo.br/scielo.php?script=sci_arttext&pid=S1414-49802008000100006&lng=en&nrm=iso&tlng=pt";"economia social"
"http://www.scielo.br/scielo.php?script=sci_arttext&pid=S1414-49802008000100007&lng=en&nrm=iso&tlng=pt";"economia solidária"
"http://www.scielo.br/scielo.php?script=sci_arttext&pid=S1414-49802008000100007&lng=en&nrm=iso&tlng=pt";"aglomerados econômicos"
"http://www.scielo.br/scielo.php?script=sci_arttext&pid=S1414-49802008000100008&lng=en&nrm=iso&tlng=es";"economia solidária"
"http://www.scielo.br/scielo.php?script=sci_arttext&pid=S1414-49802008000100008&lng=en&nrm=iso&tlng=es";"economia social"
"http://www.scielo.br/scielo.php?script=sci_arttext&pid=S1414-49802008000100009&lng=en&nrm=iso&tlng=pt";"economia solidária"
"http://www.scielo.br/scielo.php?script=sci_arttext&pid=S1414-49802008000100010&lng=en&nrm=iso&tlng=pt";"economia solidária"
"http://www.scielo.br/scielo.php?script=sci_arttext&pid=S1414-49802008000100011&lng=en&nrm=iso&tlng=pt";"economia solidária"
"http://www.scielo.br/scielo.php?script=sci_arttext&pid=S1414-49802008000100013&lng=en&nrm=iso&tlng=pt";"economia solidária"
"http://www.scielo.br/scielo.php?script=sci_arttext&pid=S1414-49802007000100004&lng=en&nrm=iso&tlng=pt";"política econômica"
"http://www.scielo.br/scielo.php?script=sci_arttext&pid=S1414-49802007000100005&lng=en&nrm=iso&tlng=pt";"economia brasileira"
"http://www.scielo.br/scielo.php?script=sci_arttext&pid=S1414-49802006000200007&lng=en&nrm=iso&tlng=pt";"blocos econômicos"
"http://www.scielo.br/scielo.php?script=sci_arttext&pid=S0104-12902016000200306&lng=en&nrm=iso&tlng=en";"Economia da Saúde"
"http://www.scielo.br/scielo.php?script=sci_arttext&pid=S0104-12902016000200306&lng=en&nrm=iso&tlng=pt";"Economia da Saúde"
"http://www.scielo.br/scielo.php?script=sci_arttext&pid=S0104-12902016000300786&lng=en&nrm=iso&tlng=en";"Economia da saúde"
"http://www.scielo.br/scielo.php?script=sci_arttext&pid=S0104-12902016000300786&lng=en&nrm=iso&tlng=pt";"Economia da saúde"
"http://www.scielo.br/scielo.php?script=sci_arttext&pid=S0104-12902015000200543&lng=en&nrm=iso&tlng=en";"Economia da Saúde"
"http://www.scielo.br/scielo.php?script=sci_arttext&pid=S0104-12902015000200543&lng=en&nrm=iso&tlng=pt";"Economia da Saúde"
"http://www.scielo.br/scielo.php?script=sci_arttext&pid=S0104-12902015000301006&lng=en&nrm=iso&tlng=en";"Planejamento Econômico"
"http://www.scielo.br/scielo.php?script=sci_arttext&pid=S0104-12902015000301006&lng=en&nrm=iso&tlng=pt";"Planejamento Econômico"
"http://www.scielo.br/scielo.php?script=sci_arttext&pid=S0104-12902014000200376&lng=en&nrm=iso&tlng=en";"Economia Política"
"http://www.scielo.br/scielo.php?script=sci_arttext&pid=S0104-12902014000401127&lng=en&nrm=iso&tlng=en";"Crise Econômica"
"http://www.scielo.br/scielo.php?script=sci_arttext&pid=S0104-12902014000401142&lng=en&nrm=iso&tlng=pt";"Fatores Socioeconômicos"
"http://www.scielo.br/scielo.php?script=sci_arttext&pid=S0104-12902014000401198&lng=en&nrm=iso&tlng=pt";"Economia da Saúde"
"http://www.scielo.br/scielo.php?script=sci_arttext&pid=S0104-12902013000300020&lng=en&nrm=iso&tlng=pt";"Fatores socioeconômicos"
"http://www.scielo.br/scielo.php?script=sci_arttext&pid=S0104-12902013000400016&lng=en&nrm=iso&tlng=en";"Fatores socioeconômicos"
"http://www.scielo.br/scielo.php?script=sci_arttext&pid=S0104-12902013000400016&lng=en&nrm=iso&tlng=pt";"Fatores socioeconômicos"
"http://www.scielo.br/scielo.php?script=sci_arttext&pid=S0104-12902011000300014&lng=en&nrm=iso&tlng=pt";"Farmacoeconomia"
"http://www.scielo.br/scielo.php?script=sci_arttext&pid=S0104-12902011000300019&lng=en&nrm=iso&tlng=pt";"Condições socioeconômicas"
"http://www.scielo.br/scielo.php?script=sci_arttext&pid=S0104-12902009000600012&lng=en&nrm=iso&tlng=pt";"Economia da Saúde"
"http://www.scielo.br/scielo.php?script=sci_arttext&pid=S0104-12902003000100006&lng=en&nrm=iso&tlng=pt";"condições econômicas"
"http://www.scielo.br/scielo.php?script=sci_arttext&pid=S0104-12902001000200004&lng=en&nrm=iso&tlng=pt";"economia da saúde"
"http://www.scielo.br/scielo.php?script=sci_arttext&pid=S0104-12902001000200004&lng=en&nrm=iso&tlng=pt";"economia regional"
"http://www.scielo.br/scielo.php?script=sci_arttext&pid=S0101-66282015000300501&lng=en&nrm=iso&tlng=pt";"Desenvolvimento econômico"
"http://www.scielo.br/scielo.php?script=sci_arttext&pid=S0101-66282012000400002&lng=en&nrm=iso&tlng=pt";"Crítica da economia política"
"http://www.scielo.br/scielo.php?script=sci_arttext&pid=S0101-66282012000400004&lng=en&nrm=iso&tlng=pt";"Economia brasileira"
"http://www.scielo.br/scielo.php?script=sci_arttext&pid=S0101-66282011000100005&lng=en&nrm=iso&tlng=pt";"Economia solidária"
"http://www.scielo.br/scielo.php?script=sci_arttext&pid=S0101-66282011000100006&lng=en&nrm=iso&tlng=pt";"Economia da saúde"
"http://www.scielo.br/scielo.php?script=sci_arttext&pid=S1981-77462015000300797&lng=en&nrm=iso&tlng=pt";"economia da saúde"
"http://www.scielo.br/scielo.php?script=sci_arttext&pid=S1981-77462013000100012&lng=en&nrm=iso&tlng=pt";"desenvolvimento econômico"
"http://www.scielo.br/scielo.php?script=sci_arttext&pid=S1981-77462009000200008&lng=en&nrm=iso&tlng=pt";"economia solidária"
"http://www.scielo.br/scielo.php?script=sci_arttext&pid=S1981-77462008000200007&lng=en&nrm=iso&tlng=pt";"economia solidária"
